[{"model": "admin.logentry", "pk": 1, "fields": {"action_time": "2024-09-16T13:43:40.937Z", "user": "91a6810a-a3e2-4d81-8849-49de6d4bfd9c", "content_type": 20, "object_id": "1", "object_repr": "Digitech", "action_flag": 1, "change_message": "[{\"added\": {}}]"}}, {"model": "admin.logentry", "pk": 2, "fields": {"action_time": "2024-09-16T13:43:59.905Z", "user": "91a6810a-a3e2-4d81-8849-49de6d4bfd9c", "content_type": 21, "object_id": "9e930571-ffa9-4d8b-9e63-b8e7c4176f33", "object_repr": "Roshan Subedi - Admin at Digitech", "action_flag": 1, "change_message": "[{\"added\": {}}]"}}, {"model": "admin.logentry", "pk": 3, "fields": {"action_time": "2024-09-16T16:52:15.845Z", "user": "91a6810a-a3e2-4d81-8849-49de6d4bfd9c", "content_type": 19, "object_id": "284ad467-8e99-4f2d-856b-63760ba1ac30", "object_repr": "krisha@krisha.com", "action_flag": 1, "change_message": "[{\"added\": {}}]"}}, {"model": "admin.logentry", "pk": 4, "fields": {"action_time": "2024-09-16T16:53:24.634Z", "user": "91a6810a-a3e2-4d81-8849-49de6d4bfd9c", "content_type": 20, "object_id": "2", "object_repr": "Krisha & Co.", "action_flag": 1, "change_message": "[{\"added\": {}}]"}}, {"model": "admin.logentry", "pk": 5, "fields": {"action_time": "2024-09-16T16:53:51.548Z", "user": "91a6810a-a3e2-4d81-8849-49de6d4bfd9c", "content_type": 21, "object_id": "284ad467-8e99-4f2d-856b-63760ba1ac30", "object_repr": "Krisha - Admin at Krisha & Co.", "action_flag": 1, "change_message": "[{\"added\": {}}]"}}, {"model": "admin.logentry", "pk": 6, "fields": {"action_time": "2024-09-18T08:36:06.546Z", "user": "91a6810a-a3e2-4d81-8849-49de6d4bfd9c", "content_type": 8, "object_id": "69", "object_repr": "A35 8/256", "action_flag": 3, "change_message": ""}}, {"model": "admin.logentry", "pk": 7, "fields": {"action_time": "2024-09-18T08:36:31.016Z", "user": "91a6810a-a3e2-4d81-8849-49de6d4bfd9c", "content_type": 7, "object_id": "35", "object_repr": "A35 8/256", "action_flag": 2, "change_message": "[{\"changed\": {\"fields\": [\"Quantity\"]}}]"}}, {"model": "admin.logentry", "pk": 8, "fields": {"action_time": "2024-09-18T08:38:08.862Z", "user": "91a6810a-a3e2-4d81-8849-49de6d4bfd9c", "content_type": 12, "object_id": "69", "object_repr": " A35 8/256 @ 49523.0", "action_flag": 3, "change_message": ""}}, {"model": "admin.logentry", "pk": 9, "fields": {"action_time": "2024-09-18T08:38:43.864Z", "user": "91a6810a-a3e2-4d81-8849-49de6d4bfd9c", "content_type": 12, "object_id": "68", "object_repr": " A35 8/256 @ 49523.0", "action_flag": 3, "change_message": ""}}, {"model": "admin.logentry", "pk": 10, "fields": {"action_time": "2024-09-20T08:56:09.309Z", "user": "91a6810a-a3e2-4d81-8849-49de6d4bfd9c", "content_type": 7, "object_id": "15", "object_repr": "C63 4/128", "action_flag": 3, "change_message": ""}}, {"model": "admin.logentry", "pk": 11, "fields": {"action_time": "2024-09-20T14:23:17.327Z", "user": "91a6810a-a3e2-4d81-8849-49de6d4bfd9c", "content_type": 8, "object_id": "192", "object_repr": "S24 ULTRA 12/256", "action_flag": 1, "change_message": "[{\"added\": {}}]"}}, {"model": "admin.logentry", "pk": 12, "fields": {"action_time": "2024-09-20T14:24:15.041Z", "user": "91a6810a-a3e2-4d81-8849-49de6d4bfd9c", "content_type": 7, "object_id": "27", "object_repr": "S24 ULTRA 12/256", "action_flag": 2, "change_message": "[{\"changed\": {\"fields\": [\"Quantity\"]}}]"}}, {"model": "admin.logentry", "pk": 13, "fields": {"action_time": "2024-09-29T08:42:52.711Z", "user": "91a6810a-a3e2-4d81-8849-49de6d4bfd9c", "content_type": 21, "object_id": "91a6810a-a3e2-4d81-8849-49de6d4bfd9c", "object_repr": "Bibhab Basnet - Admin at Krisha & Co.", "action_flag": 1, "change_message": "[{\"added\": {}}]"}}, {"model": "admin.logentry", "pk": 14, "fields": {"action_time": "2024-09-29T10:18:20.803Z", "user": "91a6810a-a3e2-4d81-8849-49de6d4bfd9c", "content_type": 7, "object_id": "85", "object_repr": "A3X 4/128", "action_flag": 2, "change_message": "[{\"changed\": {\"fields\": [\"Unit price\"]}}]"}}, {"model": "admin.logentry", "pk": 15, "fields": {"action_time": "2024-09-29T10:19:29.507Z", "user": "91a6810a-a3e2-4d81-8849-49de6d4bfd9c", "content_type": 7, "object_id": "84", "object_repr": "A3X 4/64", "action_flag": 2, "change_message": "[{\"changed\": {\"fields\": [\"Unit price\"]}}]"}}, {"model": "admin.logentry", "pk": 16, "fields": {"action_time": "2024-09-29T10:20:18.291Z", "user": "91a6810a-a3e2-4d81-8849-49de6d4bfd9c", "content_type": 7, "object_id": "83", "object_repr": "smart 8 4/64", "action_flag": 2, "change_message": "[{\"changed\": {\"fields\": [\"Unit price\"]}}]"}}, {"model": "admin.logentry", "pk": 17, "fields": {"action_time": "2024-09-29T10:20:56.559Z", "user": "91a6810a-a3e2-4d81-8849-49de6d4bfd9c", "content_type": 7, "object_id": "82", "object_repr": "hot 40i 4/128", "action_flag": 2, "change_message": "[{\"changed\": {\"fields\": [\"Unit price\"]}}]"}}, {"model": "admin.logentry", "pk": 18, "fields": {"action_time": "2024-09-29T10:21:17.923Z", "user": "91a6810a-a3e2-4d81-8849-49de6d4bfd9c", "content_type": 7, "object_id": "81", "object_repr": "c61 4/64", "action_flag": 2, "change_message": "[{\"changed\": {\"fields\": [\"Unit price\"]}}]"}}, {"model": "admin.logentry", "pk": 19, "fields": {"action_time": "2024-09-29T10:23:13.741Z", "user": "91a6810a-a3e2-4d81-8849-49de6d4bfd9c", "content_type": 7, "object_id": "81", "object_repr": "c61 4/64", "action_flag": 3, "change_message": ""}}, {"model": "admin.logentry", "pk": 20, "fields": {"action_time": "2024-09-29T10:23:13.741Z", "user": "91a6810a-a3e2-4d81-8849-49de6d4bfd9c", "content_type": 7, "object_id": "80", "object_repr": "c61 4/64", "action_flag": 3, "change_message": ""}}, {"model": "admin.logentry", "pk": 21, "fields": {"action_time": "2024-09-29T10:23:32.622Z", "user": "91a6810a-a3e2-4d81-8849-49de6d4bfd9c", "content_type": 7, "object_id": "79", "object_repr": "c61 4/64", "action_flag": 2, "change_message": "[{\"changed\": {\"fields\": [\"Unit price\"]}}]"}}, {"model": "admin.logentry", "pk": 22, "fields": {"action_time": "2024-09-29T10:23:58.429Z", "user": "91a6810a-a3e2-4d81-8849-49de6d4bfd9c", "content_type": 7, "object_id": "78", "object_repr": "s24 8/128", "action_flag": 2, "change_message": "[{\"changed\": {\"fields\": [\"Unit price\"]}}]"}}, {"model": "admin.logentry", "pk": 23, "fields": {"action_time": "2024-09-29T10:24:50.608Z", "user": "91a6810a-a3e2-4d81-8849-49de6d4bfd9c", "content_type": 7, "object_id": "77", "object_repr": "m14 6/128", "action_flag": 2, "change_message": "[{\"changed\": {\"fields\": [\"Unit price\"]}}]"}}, {"model": "admin.logentry", "pk": 24, "fields": {"action_time": "2024-09-29T10:25:15.371Z", "user": "91a6810a-a3e2-4d81-8849-49de6d4bfd9c", "content_type": 7, "object_id": "76", "object_repr": "note 13 pro plus 8\\256gb", "action_flag": 2, "change_message": "[{\"changed\": {\"fields\": [\"Unit price\"]}}]"}}, {"model": "admin.logentry", "pk": 25, "fields": {"action_time": "2024-09-29T10:25:36.504Z", "user": "91a6810a-a3e2-4d81-8849-49de6d4bfd9c", "content_type": 7, "object_id": "75", "object_repr": "s24 ultra 12/512", "action_flag": 2, "change_message": "[{\"changed\": {\"fields\": [\"Unit price\"]}}]"}}, {"model": "admin.logentry", "pk": 26, "fields": {"action_time": "2024-09-29T10:25:58.437Z", "user": "91a6810a-a3e2-4d81-8849-49de6d4bfd9c", "content_type": 7, "object_id": "74", "object_repr": "smart 8 pro 4/64", "action_flag": 2, "change_message": "[{\"changed\": {\"fields\": [\"Unit price\"]}}]"}}, {"model": "admin.logentry", "pk": 27, "fields": {"action_time": "2024-09-29T10:27:50.898Z", "user": "91a6810a-a3e2-4d81-8849-49de6d4bfd9c", "content_type": 7, "object_id": "73", "object_repr": "smart 8 4/128", "action_flag": 2, "change_message": "[{\"changed\": {\"fields\": [\"Unit price\"]}}]"}}, {"model": "admin.logentry", "pk": 28, "fields": {"action_time": "2024-09-29T10:30:22.892Z", "user": "91a6810a-a3e2-4d81-8849-49de6d4bfd9c", "content_type": 7, "object_id": "83", "object_repr": "smart 8 3/64", "action_flag": 2, "change_message": "[{\"changed\": {\"fields\": [\"Name\"]}}]"}}, {"model": "admin.logentry", "pk": 29, "fields": {"action_time": "2024-09-29T10:30:34.997Z", "user": "91a6810a-a3e2-4d81-8849-49de6d4bfd9c", "content_type": 7, "object_id": "83", "object_repr": "smart 8 3/64", "action_flag": 2, "change_message": "[{\"changed\": {\"fields\": [\"Unit price\"]}}]"}}, {"model": "admin.logentry", "pk": 30, "fields": {"action_time": "2024-09-29T10:30:55.844Z", "user": "91a6810a-a3e2-4d81-8849-49de6d4bfd9c", "content_type": 7, "object_id": "72", "object_repr": "Hot 40i 8/256", "action_flag": 2, "change_message": "[{\"changed\": {\"fields\": [\"Unit price\"]}}]"}}, {"model": "admin.logentry", "pk": 31, "fields": {"action_time": "2024-09-29T10:31:39.464Z", "user": "91a6810a-a3e2-4d81-8849-49de6d4bfd9c", "content_type": 7, "object_id": "71", "object_repr": "Hot 40i 8/128", "action_flag": 2, "change_message": "[{\"changed\": {\"fields\": [\"Unit price\"]}}]"}}, {"model": "admin.logentry", "pk": 32, "fields": {"action_time": "2024-09-29T10:32:07.649Z", "user": "91a6810a-a3e2-4d81-8849-49de6d4bfd9c", "content_type": 7, "object_id": "70", "object_repr": "Hot 30i 4/64", "action_flag": 2, "change_message": "[{\"changed\": {\"fields\": [\"Unit price\"]}}]"}}, {"model": "admin.logentry", "pk": 33, "fields": {"action_time": "2024-09-29T10:32:22.608Z", "user": "91a6810a-a3e2-4d81-8849-49de6d4bfd9c", "content_type": 7, "object_id": "69", "object_repr": "Hot 30i 8/128", "action_flag": 2, "change_message": "[{\"changed\": {\"fields\": [\"Unit price\"]}}]"}}, {"model": "admin.logentry", "pk": 34, "fields": {"action_time": "2024-09-29T10:32:40.034Z", "user": "91a6810a-a3e2-4d81-8849-49de6d4bfd9c", "content_type": 7, "object_id": "68", "object_repr": "Redmi 13C 8/256", "action_flag": 2, "change_message": "[{\"changed\": {\"fields\": [\"Unit price\"]}}]"}}, {"model": "admin.logentry", "pk": 35, "fields": {"action_time": "2024-09-29T10:32:55.430Z", "user": "91a6810a-a3e2-4d81-8849-49de6d4bfd9c", "content_type": 7, "object_id": "67", "object_repr": "Redmi 13 C 4/128", "action_flag": 2, "change_message": "[{\"changed\": {\"fields\": [\"Unit price\"]}}]"}}, {"model": "admin.logentry", "pk": 36, "fields": {"action_time": "2024-09-29T10:33:29.590Z", "user": "91a6810a-a3e2-4d81-8849-49de6d4bfd9c", "content_type": 7, "object_id": "66", "object_repr": "Redmi A3 3/64", "action_flag": 2, "change_message": "[{\"changed\": {\"fields\": [\"Unit price\"]}}]"}}, {"model": "admin.logentry", "pk": 37, "fields": {"action_time": "2024-09-29T10:33:48.510Z", "user": "91a6810a-a3e2-4d81-8849-49de6d4bfd9c", "content_type": 7, "object_id": "65", "object_repr": "REDMI 13 C 6/128", "action_flag": 2, "change_message": "[{\"changed\": {\"fields\": [\"Unit price\"]}}]"}}, {"model": "admin.logentry", "pk": 38, "fields": {"action_time": "2024-09-29T10:34:58.720Z", "user": "91a6810a-a3e2-4d81-8849-49de6d4bfd9c", "content_type": 7, "object_id": "64", "object_repr": "REDMI 13 8/256", "action_flag": 2, "change_message": "[{\"changed\": {\"fields\": [\"Unit price\"]}}]"}}, {"model": "admin.logentry", "pk": 39, "fields": {"action_time": "2024-09-29T10:35:52.541Z", "user": "91a6810a-a3e2-4d81-8849-49de6d4bfd9c", "content_type": 7, "object_id": "62", "object_repr": "NOTE 13 8/256", "action_flag": 2, "change_message": "[{\"changed\": {\"fields\": [\"Unit price\"]}}]"}}, {"model": "admin.logentry", "pk": 40, "fields": {"action_time": "2024-09-29T10:36:19.271Z", "user": "91a6810a-a3e2-4d81-8849-49de6d4bfd9c", "content_type": 7, "object_id": "63", "object_repr": "REDMI 13 6/128", "action_flag": 2, "change_message": "[{\"changed\": {\"fields\": [\"Unit price\"]}}]"}}, {"model": "admin.logentry", "pk": 41, "fields": {"action_time": "2024-09-29T10:36:38.121Z", "user": "91a6810a-a3e2-4d81-8849-49de6d4bfd9c", "content_type": 7, "object_id": "61", "object_repr": "NOTE 13 6/128", "action_flag": 2, "change_message": "[{\"changed\": {\"fields\": [\"Unit price\"]}}]"}}, {"model": "admin.logentry", "pk": 42, "fields": {"action_time": "2024-09-29T10:36:52.624Z", "user": "91a6810a-a3e2-4d81-8849-49de6d4bfd9c", "content_type": 7, "object_id": "61", "object_repr": "NOTE 13 6/128", "action_flag": 2, "change_message": "[{\"changed\": {\"fields\": [\"Unit price\"]}}]"}}, {"model": "admin.logentry", "pk": 43, "fields": {"action_time": "2024-09-29T10:37:10.512Z", "user": "91a6810a-a3e2-4d81-8849-49de6d4bfd9c", "content_type": 7, "object_id": "60", "object_repr": "NOTE 13 PRO 8/256", "action_flag": 2, "change_message": "[{\"changed\": {\"fields\": [\"Unit price\"]}}]"}}, {"model": "admin.logentry", "pk": 44, "fields": {"action_time": "2024-09-29T10:37:30.092Z", "user": "91a6810a-a3e2-4d81-8849-49de6d4bfd9c", "content_type": 7, "object_id": "59", "object_repr": "NOTE 13 PRO 12/512", "action_flag": 2, "change_message": "[{\"changed\": {\"fields\": [\"Unit price\"]}}]"}}, {"model": "admin.logentry", "pk": 45, "fields": {"action_time": "2024-09-29T10:37:53.229Z", "user": "91a6810a-a3e2-4d81-8849-49de6d4bfd9c", "content_type": 7, "object_id": "58", "object_repr": "NOTE 13 PRO + 12/512", "action_flag": 2, "change_message": "[{\"changed\": {\"fields\": [\"Unit price\"]}}]"}}, {"model": "admin.logentry", "pk": 46, "fields": {"action_time": "2024-09-29T10:38:13.925Z", "user": "91a6810a-a3e2-4d81-8849-49de6d4bfd9c", "content_type": 7, "object_id": "57", "object_repr": "XIAOMI 14", "action_flag": 2, "change_message": "[{\"changed\": {\"fields\": [\"Unit price\"]}}]"}}, {"model": "admin.logentry", "pk": 47, "fields": {"action_time": "2024-09-29T10:38:58.678Z", "user": "91a6810a-a3e2-4d81-8849-49de6d4bfd9c", "content_type": 7, "object_id": "56", "object_repr": "PHONE 1 8/256", "action_flag": 2, "change_message": "[{\"changed\": {\"fields\": [\"Unit price\"]}}]"}}, {"model": "admin.logentry", "pk": 48, "fields": {"action_time": "2024-09-29T10:39:19.693Z", "user": "91a6810a-a3e2-4d81-8849-49de6d4bfd9c", "content_type": 7, "object_id": "55", "object_repr": "PHONE 2A 12/256", "action_flag": 2, "change_message": "[{\"changed\": {\"fields\": [\"Unit price\"]}}]"}}, {"model": "admin.logentry", "pk": 49, "fields": {"action_time": "2024-09-29T10:39:42.421Z", "user": "91a6810a-a3e2-4d81-8849-49de6d4bfd9c", "content_type": 7, "object_id": "54", "object_repr": "PHONE 2A 8/128", "action_flag": 2, "change_message": "[{\"changed\": {\"fields\": [\"Unit price\"]}}]"}}, {"model": "admin.logentry", "pk": 50, "fields": {"action_time": "2024-09-29T10:40:14.380Z", "user": "91a6810a-a3e2-4d81-8849-49de6d4bfd9c", "content_type": 7, "object_id": "53", "object_repr": "PHONE 1 8/128", "action_flag": 2, "change_message": "[{\"changed\": {\"fields\": [\"Unit price\"]}}]"}}, {"model": "admin.logentry", "pk": 51, "fields": {"action_time": "2024-09-29T10:40:45.690Z", "user": "91a6810a-a3e2-4d81-8849-49de6d4bfd9c", "content_type": 7, "object_id": "52", "object_repr": "CE 3 LITE 8/256", "action_flag": 2, "change_message": "[{\"changed\": {\"fields\": [\"Unit price\"]}}]"}}, {"model": "admin.logentry", "pk": 52, "fields": {"action_time": "2024-09-29T10:41:13.565Z", "user": "91a6810a-a3e2-4d81-8849-49de6d4bfd9c", "content_type": 7, "object_id": "51", "object_repr": "NORD CE 3 12/256", "action_flag": 2, "change_message": "[{\"changed\": {\"fields\": [\"Unit price\"]}}]"}}, {"model": "admin.logentry", "pk": 53, "fields": {"action_time": "2024-09-29T10:41:33.817Z", "user": "91a6810a-a3e2-4d81-8849-49de6d4bfd9c", "content_type": 7, "object_id": "50", "object_repr": "NORD N30 SE 4/128", "action_flag": 2, "change_message": "[{\"changed\": {\"fields\": [\"Unit price\"]}}]"}}, {"model": "admin.logentry", "pk": 54, "fields": {"action_time": "2024-09-29T10:41:57.967Z", "user": "91a6810a-a3e2-4d81-8849-49de6d4bfd9c", "content_type": 7, "object_id": "49", "object_repr": "Z FOLD 6 12/256", "action_flag": 2, "change_message": "[{\"changed\": {\"fields\": [\"Unit price\"]}}]"}}, {"model": "admin.logentry", "pk": 55, "fields": {"action_time": "2024-09-29T10:42:16.756Z", "user": "91a6810a-a3e2-4d81-8849-49de6d4bfd9c", "content_type": 7, "object_id": "49", "object_repr": "Z FOLD 6 12/256", "action_flag": 2, "change_message": "[]"}}, {"model": "admin.logentry", "pk": 56, "fields": {"action_time": "2024-09-29T10:42:36.811Z", "user": "91a6810a-a3e2-4d81-8849-49de6d4bfd9c", "content_type": 7, "object_id": "48", "object_repr": "A04 4/64", "action_flag": 2, "change_message": "[{\"changed\": {\"fields\": [\"Unit price\"]}}]"}}, {"model": "admin.logentry", "pk": 57, "fields": {"action_time": "2024-09-29T10:42:58.916Z", "user": "91a6810a-a3e2-4d81-8849-49de6d4bfd9c", "content_type": 7, "object_id": "47", "object_repr": "A05 4/64", "action_flag": 2, "change_message": "[{\"changed\": {\"fields\": [\"Unit price\"]}}]"}}, {"model": "admin.logentry", "pk": 58, "fields": {"action_time": "2024-09-29T10:43:18.474Z", "user": "91a6810a-a3e2-4d81-8849-49de6d4bfd9c", "content_type": 7, "object_id": "46", "object_repr": "A05 6/128", "action_flag": 2, "change_message": "[{\"changed\": {\"fields\": [\"Unit price\"]}}]"}}, {"model": "admin.logentry", "pk": 59, "fields": {"action_time": "2024-09-29T10:43:33.792Z", "user": "91a6810a-a3e2-4d81-8849-49de6d4bfd9c", "content_type": 7, "object_id": "45", "object_repr": "A06 6/128", "action_flag": 2, "change_message": "[{\"changed\": {\"fields\": [\"Unit price\"]}}]"}}, {"model": "admin.logentry", "pk": 60, "fields": {"action_time": "2024-09-29T10:44:02.161Z", "user": "91a6810a-a3e2-4d81-8849-49de6d4bfd9c", "content_type": 7, "object_id": "44", "object_repr": "A06 4/128", "action_flag": 2, "change_message": "[{\"changed\": {\"fields\": [\"Unit price\"]}}]"}}, {"model": "admin.logentry", "pk": 61, "fields": {"action_time": "2024-09-29T10:44:28.920Z", "user": "91a6810a-a3e2-4d81-8849-49de6d4bfd9c", "content_type": 7, "object_id": "43", "object_repr": "A06  4/64", "action_flag": 2, "change_message": "[{\"changed\": {\"fields\": [\"Unit price\"]}}]"}}, {"model": "admin.logentry", "pk": 62, "fields": {"action_time": "2024-09-29T10:45:29.967Z", "user": "91a6810a-a3e2-4d81-8849-49de6d4bfd9c", "content_type": 7, "object_id": "42", "object_repr": "M15  6/128", "action_flag": 2, "change_message": "[{\"changed\": {\"fields\": [\"Unit price\"]}}]"}}, {"model": "admin.logentry", "pk": 63, "fields": {"action_time": "2024-09-29T10:46:23.066Z", "user": "91a6810a-a3e2-4d81-8849-49de6d4bfd9c", "content_type": 7, "object_id": "42", "object_repr": "M15  6/128", "action_flag": 2, "change_message": "[]"}}, {"model": "admin.logentry", "pk": 64, "fields": {"action_time": "2024-09-29T10:46:54.013Z", "user": "91a6810a-a3e2-4d81-8849-49de6d4bfd9c", "content_type": 7, "object_id": "41", "object_repr": "M14 4/64", "action_flag": 2, "change_message": "[{\"changed\": {\"fields\": [\"Unit price\"]}}]"}}, {"model": "admin.logentry", "pk": 65, "fields": {"action_time": "2024-09-29T10:47:22.379Z", "user": "91a6810a-a3e2-4d81-8849-49de6d4bfd9c", "content_type": 7, "object_id": "40", "object_repr": "M35 8/256", "action_flag": 2, "change_message": "[{\"changed\": {\"fields\": [\"Unit price\"]}}]"}}, {"model": "admin.logentry", "pk": 66, "fields": {"action_time": "2024-09-29T10:55:41.414Z", "user": "91a6810a-a3e2-4d81-8849-49de6d4bfd9c", "content_type": 7, "object_id": "39", "object_repr": "M55 12/256", "action_flag": 2, "change_message": "[{\"changed\": {\"fields\": [\"Unit price\"]}}]"}}, {"model": "admin.logentry", "pk": 67, "fields": {"action_time": "2024-09-29T10:55:59.389Z", "user": "91a6810a-a3e2-4d81-8849-49de6d4bfd9c", "content_type": 7, "object_id": "38", "object_repr": "A15 8/256", "action_flag": 2, "change_message": "[{\"changed\": {\"fields\": [\"Unit price\"]}}]"}}, {"model": "admin.logentry", "pk": 68, "fields": {"action_time": "2024-09-29T12:25:08.938Z", "user": "9e930571-ffa9-4d8b-9e63-b8e7c4176f33", "content_type": 7, "object_id": "42", "object_repr": "M15  6/128", "action_flag": 2, "change_message": "[]"}}, {"model": "admin.logentry", "pk": 69, "fields": {"action_time": "2024-09-29T12:25:22.255Z", "user": "9e930571-ffa9-4d8b-9e63-b8e7c4176f33", "content_type": 7, "object_id": "36", "object_repr": "A15 6/128", "action_flag": 2, "change_message": "[{\"changed\": {\"fields\": [\"Unit price\"]}}]"}}, {"model": "admin.logentry", "pk": 70, "fields": {"action_time": "2024-09-29T12:25:57.212Z", "user": "9e930571-ffa9-4d8b-9e63-b8e7c4176f33", "content_type": 7, "object_id": "35", "object_repr": "A35 8/256", "action_flag": 2, "change_message": "[{\"changed\": {\"fields\": [\"Unit price\"]}}]"}}, {"model": "admin.logentry", "pk": 71, "fields": {"action_time": "2024-09-29T12:26:14.069Z", "user": "9e930571-ffa9-4d8b-9e63-b8e7c4176f33", "content_type": 7, "object_id": "34", "object_repr": "A35 8/128", "action_flag": 2, "change_message": "[{\"changed\": {\"fields\": [\"Unit price\"]}}]"}}, {"model": "admin.logentry", "pk": 72, "fields": {"action_time": "2024-09-29T12:26:35.976Z", "user": "9e930571-ffa9-4d8b-9e63-b8e7c4176f33", "content_type": 7, "object_id": "33", "object_repr": "A54 8/256", "action_flag": 2, "change_message": "[{\"changed\": {\"fields\": [\"Unit price\"]}}]"}}, {"model": "admin.logentry", "pk": 73, "fields": {"action_time": "2024-09-29T12:27:01.057Z", "user": "9e930571-ffa9-4d8b-9e63-b8e7c4176f33", "content_type": 7, "object_id": "32", "object_repr": "A55 12/256", "action_flag": 2, "change_message": "[{\"changed\": {\"fields\": [\"Unit price\"]}}]"}}, {"model": "admin.logentry", "pk": 74, "fields": {"action_time": "2024-09-29T12:27:15.069Z", "user": "9e930571-ffa9-4d8b-9e63-b8e7c4176f33", "content_type": 7, "object_id": "31", "object_repr": "A55 8/256", "action_flag": 2, "change_message": "[{\"changed\": {\"fields\": [\"Unit price\"]}}]"}}, {"model": "admin.logentry", "pk": 75, "fields": {"action_time": "2024-09-29T12:27:40.960Z", "user": "9e930571-ffa9-4d8b-9e63-b8e7c4176f33", "content_type": 7, "object_id": "30", "object_repr": "S24 8/256", "action_flag": 2, "change_message": "[{\"changed\": {\"fields\": [\"Unit price\"]}}]"}}, {"model": "admin.logentry", "pk": 76, "fields": {"action_time": "2024-09-29T12:28:00.654Z", "user": "9e930571-ffa9-4d8b-9e63-b8e7c4176f33", "content_type": 7, "object_id": "29", "object_repr": "S24+ 12/256", "action_flag": 2, "change_message": "[{\"changed\": {\"fields\": [\"Unit price\"]}}]"}}, {"model": "admin.logentry", "pk": 77, "fields": {"action_time": "2024-09-29T12:28:14.765Z", "user": "9e930571-ffa9-4d8b-9e63-b8e7c4176f33", "content_type": 7, "object_id": "28", "object_repr": "S23 FE 8/256", "action_flag": 2, "change_message": "[{\"changed\": {\"fields\": [\"Unit price\"]}}]"}}, {"model": "admin.logentry", "pk": 78, "fields": {"action_time": "2024-09-29T12:28:28.813Z", "user": "9e930571-ffa9-4d8b-9e63-b8e7c4176f33", "content_type": 7, "object_id": "27", "object_repr": "S24 ULTRA 12/256", "action_flag": 2, "change_message": "[{\"changed\": {\"fields\": [\"Unit price\"]}}]"}}, {"model": "admin.logentry", "pk": 79, "fields": {"action_time": "2024-09-29T12:28:48.389Z", "user": "9e930571-ffa9-4d8b-9e63-b8e7c4176f33", "content_type": 7, "object_id": "26", "object_repr": "15 PRO MAX 256", "action_flag": 2, "change_message": "[{\"changed\": {\"fields\": [\"Unit price\"]}}]"}}, {"model": "admin.logentry", "pk": 80, "fields": {"action_time": "2024-09-29T12:29:15.244Z", "user": "9e930571-ffa9-4d8b-9e63-b8e7c4176f33", "content_type": 7, "object_id": "25", "object_repr": "IPHONE 13 128", "action_flag": 2, "change_message": "[{\"changed\": {\"fields\": [\"Unit price\"]}}]"}}, {"model": "admin.logentry", "pk": 81, "fields": {"action_time": "2024-09-29T12:29:27.865Z", "user": "9e930571-ffa9-4d8b-9e63-b8e7c4176f33", "content_type": 7, "object_id": "24", "object_repr": "X9B 12/256", "action_flag": 2, "change_message": "[{\"changed\": {\"fields\": [\"Unit price\"]}}]"}}, {"model": "admin.logentry", "pk": 82, "fields": {"action_time": "2024-09-29T12:29:49.620Z", "user": "9e930571-ffa9-4d8b-9e63-b8e7c4176f33", "content_type": 7, "object_id": "23", "object_repr": "X7B 8/256", "action_flag": 2, "change_message": "[{\"changed\": {\"fields\": [\"Unit price\"]}}]"}}, {"model": "admin.logentry", "pk": 83, "fields": {"action_time": "2024-09-29T12:30:01.875Z", "user": "9e930571-ffa9-4d8b-9e63-b8e7c4176f33", "content_type": 7, "object_id": "22", "object_repr": "X6B 6/128", "action_flag": 2, "change_message": "[{\"changed\": {\"fields\": [\"Unit price\"]}}]"}}, {"model": "admin.logentry", "pk": 84, "fields": {"action_time": "2024-09-29T12:30:16.156Z", "user": "9e930571-ffa9-4d8b-9e63-b8e7c4176f33", "content_type": 7, "object_id": "21", "object_repr": "X8B 8/512", "action_flag": 2, "change_message": "[{\"changed\": {\"fields\": [\"Unit price\"]}}]"}}, {"model": "admin.logentry", "pk": 85, "fields": {"action_time": "2024-09-29T12:31:04.428Z", "user": "9e930571-ffa9-4d8b-9e63-b8e7c4176f33", "content_type": 7, "object_id": "20", "object_repr": "Y18 6/128", "action_flag": 2, "change_message": "[{\"changed\": {\"fields\": [\"Unit price\"]}}]"}}, {"model": "admin.logentry", "pk": 86, "fields": {"action_time": "2024-09-29T12:31:27.332Z", "user": "9e930571-ffa9-4d8b-9e63-b8e7c4176f33", "content_type": 7, "object_id": "19", "object_repr": "YO3 4/64", "action_flag": 2, "change_message": "[{\"changed\": {\"fields\": [\"Unit price\"]}}]"}}, {"model": "admin.logentry", "pk": 87, "fields": {"action_time": "2024-09-29T12:32:13.762Z", "user": "9e930571-ffa9-4d8b-9e63-b8e7c4176f33", "content_type": 7, "object_id": "18", "object_repr": "Y28 8/128", "action_flag": 2, "change_message": "[{\"changed\": {\"fields\": [\"Unit price\"]}}]"}}, {"model": "admin.logentry", "pk": 88, "fields": {"action_time": "2024-09-29T12:32:38.613Z", "user": "9e930571-ffa9-4d8b-9e63-b8e7c4176f33", "content_type": 7, "object_id": "17", "object_repr": "Y28 8/256", "action_flag": 2, "change_message": "[{\"changed\": {\"fields\": [\"Unit price\"]}}]"}}, {"model": "admin.logentry", "pk": 89, "fields": {"action_time": "2024-09-29T12:33:38.401Z", "user": "9e930571-ffa9-4d8b-9e63-b8e7c4176f33", "content_type": 7, "object_id": "16", "object_repr": "12 PRO+ 12/256", "action_flag": 2, "change_message": "[{\"changed\": {\"fields\": [\"Unit price\"]}}]"}}, {"model": "admin.logentry", "pk": 90, "fields": {"action_time": "2024-09-29T12:33:56.497Z", "user": "9e930571-ffa9-4d8b-9e63-b8e7c4176f33", "content_type": 7, "object_id": "14", "object_repr": "C55 6/64", "action_flag": 2, "change_message": "[{\"changed\": {\"fields\": [\"Unit price\"]}}]"}}, {"model": "admin.logentry", "pk": 91, "fields": {"action_time": "2024-09-29T12:34:15.459Z", "user": "9e930571-ffa9-4d8b-9e63-b8e7c4176f33", "content_type": 7, "object_id": "13", "object_repr": "C63 4/128", "action_flag": 2, "change_message": "[{\"changed\": {\"fields\": [\"Unit price\"]}}]"}}, {"model": "admin.logentry", "pk": 92, "fields": {"action_time": "2024-09-29T12:34:19.563Z", "user": "9e930571-ffa9-4d8b-9e63-b8e7c4176f33", "content_type": 7, "object_id": "13", "object_repr": "C63 4/128", "action_flag": 2, "change_message": "[]"}}, {"model": "admin.logentry", "pk": 93, "fields": {"action_time": "2024-09-29T12:34:24.714Z", "user": "9e930571-ffa9-4d8b-9e63-b8e7c4176f33", "content_type": 7, "object_id": "13", "object_repr": "C63 4/128", "action_flag": 2, "change_message": "[]"}}, {"model": "admin.logentry", "pk": 94, "fields": {"action_time": "2024-09-29T12:37:05.326Z", "user": "9e930571-ffa9-4d8b-9e63-b8e7c4176f33", "content_type": 7, "object_id": "12", "object_repr": "C61 6/128", "action_flag": 2, "change_message": "[{\"changed\": {\"fields\": [\"Unit price\"]}}]"}}, {"model": "admin.logentry", "pk": 95, "fields": {"action_time": "2024-09-29T12:37:58.963Z", "user": "9e930571-ffa9-4d8b-9e63-b8e7c4176f33", "content_type": 7, "object_id": "11", "object_repr": "N65 5G 6/128", "action_flag": 2, "change_message": "[{\"changed\": {\"fields\": [\"Unit price\"]}}]"}}, {"model": "admin.logentry", "pk": 96, "fields": {"action_time": "2024-09-29T12:38:23.847Z", "user": "9e930571-ffa9-4d8b-9e63-b8e7c4176f33", "content_type": 7, "object_id": "10", "object_repr": "12X 5G 8/128", "action_flag": 2, "change_message": "[{\"changed\": {\"fields\": [\"Unit price\"]}}]"}}, {"model": "admin.logentry", "pk": 97, "fields": {"action_time": "2024-09-29T12:39:02.855Z", "user": "9e930571-ffa9-4d8b-9e63-b8e7c4176f33", "content_type": 7, "object_id": "9", "object_repr": "70 PR0 8/256 GB", "action_flag": 2, "change_message": "[{\"changed\": {\"fields\": [\"Unit price\"]}}]"}}, {"model": "admin.logentry", "pk": 98, "fields": {"action_time": "2024-09-29T12:39:14.774Z", "user": "9e930571-ffa9-4d8b-9e63-b8e7c4176f33", "content_type": 7, "object_id": "8", "object_repr": "A38 4/128GB", "action_flag": 2, "change_message": "[{\"changed\": {\"fields\": [\"Unit price\"]}}]"}}, {"model": "admin.logentry", "pk": 99, "fields": {"action_time": "2024-09-29T12:39:25.228Z", "user": "9e930571-ffa9-4d8b-9e63-b8e7c4176f33", "content_type": 7, "object_id": "7", "object_repr": "A3 8/256GB", "action_flag": 2, "change_message": "[{\"changed\": {\"fields\": [\"Unit price\"]}}]"}}, {"model": "admin.logentry", "pk": 100, "fields": {"action_time": "2024-09-29T12:39:35.818Z", "user": "9e930571-ffa9-4d8b-9e63-b8e7c4176f33", "content_type": 7, "object_id": "6", "object_repr": "A3 6/128GB", "action_flag": 2, "change_message": "[{\"changed\": {\"fields\": [\"Unit price\"]}}]"}}, {"model": "admin.logentry", "pk": 101, "fields": {"action_time": "2024-09-29T12:39:46.074Z", "user": "9e930571-ffa9-4d8b-9e63-b8e7c4176f33", "content_type": 7, "object_id": "5", "object_repr": "A60 8/256GB", "action_flag": 2, "change_message": "[{\"changed\": {\"fields\": [\"Unit price\"]}}]"}}, {"model": "admin.logentry", "pk": 102, "fields": {"action_time": "2024-09-29T12:39:56.522Z", "user": "9e930571-ffa9-4d8b-9e63-b8e7c4176f33", "content_type": 7, "object_id": "4", "object_repr": "A78 8/256GB", "action_flag": 2, "change_message": "[{\"changed\": {\"fields\": [\"Unit price\"]}}]"}}, {"model": "admin.logentry", "pk": 103, "fields": {"action_time": "2024-09-29T12:40:06.521Z", "user": "9e930571-ffa9-4d8b-9e63-b8e7c4176f33", "content_type": 7, "object_id": "3", "object_repr": "RENO 11F 8/256", "action_flag": 2, "change_message": "[{\"changed\": {\"fields\": [\"Unit price\"]}}]"}}, {"model": "admin.logentry", "pk": 104, "fields": {"action_time": "2024-09-29T12:40:35.100Z", "user": "9e930571-ffa9-4d8b-9e63-b8e7c4176f33", "content_type": 7, "object_id": "2", "object_repr": "RENO 12 12/512", "action_flag": 2, "change_message": "[{\"changed\": {\"fields\": [\"Unit price\"]}}]"}}, {"model": "admin.logentry", "pk": 105, "fields": {"action_time": "2024-09-29T12:41:06.358Z", "user": "9e930571-ffa9-4d8b-9e63-b8e7c4176f33", "content_type": 7, "object_id": "1", "object_repr": "F21 PRO 8/128GB", "action_flag": 2, "change_message": "[{\"changed\": {\"fields\": [\"Unit price\"]}}]"}}, {"model": "admin.logentry", "pk": 106, "fields": {"action_time": "2024-10-03T16:58:22.882Z", "user": "91a6810a-a3e2-4d81-8849-49de6d4bfd9c", "content_type": 20, "object_id": "2", "object_repr": "Bibhab & Co.", "action_flag": 2, "change_message": "[{\"changed\": {\"fields\": [\"Name\"]}}]"}}, {"model": "sessions.session", "pk": "k175wx7h9i6woc5j0eltx8xrkt7ghrdp", "fields": {"session_data": ".eJxVjjsOwjAQBe_iGls2u87alPScIVrbaxJAiZRPhbg7iZQC6jczem_V8rp07TrL1PZFXVSUCNaT07Vy1FhC0lEa0CkIZXTUVAB1-tUS56cMu1sePNxHk8dhmfpkdsQc62xuY5HX9WD_Ah3P3WZLILZnnx0DbC8CiivIDgudOfsULbjUoCWyVGuuDlK2Xqz3KL5giOrzBdkdQJo:1susWa:pePp-pegjg3S3OicSBtYkGU0chkl5fVapxXmEYNpg5Q", "expire_date": "2024-10-13T11:55:40.581Z"}}, {"model": "sessions.session", "pk": "nkq4ez0zjwoffxy1zxdudxtkjanh60ij", "fields": {"session_data": ".eJxVzDkOwjAQheG7uMaWxxseSnrOEM14bMKiRMpSIe4OkVJA_f7vvVRH69J361yn7ibqpBAoZbCkyVeng2TQOQfUAaUmCdwEizr8MqbyqMNm5U7DdTRlHJbpxmZLzL7O5jJKfZ739u-gp7n_aoKQbGzWefBsPVJCbp6dxwRQOObSMjiGdExWGD0Cs4u-cI4lRnLq_QHKyUBJ:1swP9T:uSTsdC4_Vl_rI0EuOX8K24wNE_GIvyqcUa7c6hcf4To", "expire_date": "2024-10-17T16:58:07.039Z"}}, {"model": "sessions.session", "pk": "ui9cq8av4vqtu6gzfdx5sbh13fmh7j6j", "fields": {"session_data": ".eJxVzDkOwjAQheG7uMaWxxseSnrOEM14bMKiRMpSIe4OkVJA_f7vvVRH69J361yn7ibqpBAoZbCkyVeng2TQOQfUAaUmCdwEizr8MqbyqMNm5U7DdTRlHJbpxmZLzL7O5jJKfZ739u-gp7n_aoKQbGzWefBsPVJCbp6dxwRQOObSMjiGdExWGD0Cs4u-cI4lRnLq_QHKyUBJ:1sqC0W:QcTUUSKCSk9rV9Zuj4efq4-xICeX_mEA_woB_eReISw", "expire_date": "2024-09-30T13:43:12.794Z"}}, {"model": "inventory.brand", "pk": 1, "fields": {"name": "Apple", "enterprise": 1, "stock": 90249.71000000004}}, {"model": "inventory.brand", "pk": 2, "fields": {"name": "Samsung", "enterprise": 1, "stock": 2772824.57}}, {"model": "inventory.brand", "pk": 3, "fields": {"name": "Oppo", "enterprise": 1, "stock": 942717.8800000006}}, {"model": "inventory.brand", "pk": 4, "fields": {"name": "Redmi", "enterprise": 1, "stock": 582709.3300000001}}, {"model": "inventory.brand", "pk": 5, "fields": {"name": "Vivo", "enterprise": 1, "stock": 221241.13}}, {"model": "inventory.brand", "pk": 6, "fields": {"name": "Realme", "enterprise": 1, "stock": 347949.82}}, {"model": "inventory.brand", "pk": 7, "fields": {"name": "Nothing", "enterprise": 1, "stock": 165272.35}}, {"model": "inventory.brand", "pk": 8, "fields": {"name": "Oneplus", "enterprise": 1, "stock": 121523.0}}, {"model": "inventory.brand", "pk": 9, "fields": {"name": "Infinix", "enterprise": 1, "stock": 228778.12}}, {"model": "inventory.brand", "pk": 10, "fields": {"name": "Honor", "enterprise": 1, "stock": 108486.0}}, {"model": "inventory.brand", "pk": 11, "fields": {"name": "Apple", "enterprise": 2, "stock": 1130000.0}}, {"model": "inventory.brand", "pk": 12, "fields": {"name": "bibhab", "enterprise": 2, "stock": null}}, {"model": "inventory.brand", "pk": 13, "fields": {"name": "asd", "enterprise": 2, "stock": null}}, {"model": "inventory.brand", "pk": 14, "fields": {"name": "asd", "enterprise": 2, "stock": null}}, {"model": "inventory.brand", "pk": 15, "fields": {"name": "asd", "enterprise": 2, "stock": null}}, {"model": "inventory.phone", "pk": 1, "fields": {"name": "F21 PRO 8/128GB", "quantity": 0, "unit_price": 30000.0, "brand": 3}}, {"model": "inventory.phone", "pk": 2, "fields": {"name": "RENO 12 12/512", "quantity": 1, "unit_price": 66000.0, "brand": 3}}, {"model": "inventory.phone", "pk": 3, "fields": {"name": "RENO 11F 8/256", "quantity": 1, "unit_price": 44000.0, "brand": 3}}, {"model": "inventory.phone", "pk": 4, "fields": {"name": "A78 8/256GB", "quantity": 2, "unit_price": 33000.0, "brand": 3}}, {"model": "inventory.phone", "pk": 5, "fields": {"name": "A60 8/256GB", "quantity": 8, "unit_price": 30000.0, "brand": 3}}, {"model": "inventory.phone", "pk": 6, "fields": {"name": "A3 6/128GB", "quantity": 9, "unit_price": 23000.0, "brand": 3}}, {"model": "inventory.phone", "pk": 7, "fields": {"name": "A3 8/256GB", "quantity": 5, "unit_price": 28000.0, "brand": 3}}, {"model": "inventory.phone", "pk": 8, "fields": {"name": "A38 4/128GB", "quantity": 1, "unit_price": 17000.0, "brand": 3}}, {"model": "inventory.phone", "pk": 9, "fields": {"name": "70 PR0 8/256 GB", "quantity": 1, "unit_price": 34000.0, "brand": 6}}, {"model": "inventory.phone", "pk": 10, "fields": {"name": "12X 5G 8/128", "quantity": 0, "unit_price": 25000.0, "brand": 6}}, {"model": "inventory.phone", "pk": 11, "fields": {"name": "N65 5G 6/128", "quantity": 1, "unit_price": 22000.0, "brand": 6}}, {"model": "inventory.phone", "pk": 12, "fields": {"name": "C61 6/128", "quantity": 2, "unit_price": 16500.0, "brand": 6}}, {"model": "inventory.phone", "pk": 13, "fields": {"name": "C63 4/128", "quantity": 2, "unit_price": 16000.0, "brand": 6}}, {"model": "inventory.phone", "pk": 14, "fields": {"name": "C55 6/64", "quantity": 0, "unit_price": 15500.0, "brand": 6}}, {"model": "inventory.phone", "pk": 16, "fields": {"name": "12 PRO+ 12/256", "quantity": 0, "unit_price": 51000.0, "brand": 6}}, {"model": "inventory.phone", "pk": 17, "fields": {"name": "Y28 8/256", "quantity": 2, "unit_price": 27000.0, "brand": 5}}, {"model": "inventory.phone", "pk": 18, "fields": {"name": "Y28 8/128", "quantity": 2, "unit_price": 25000.0, "brand": 5}}, {"model": "inventory.phone", "pk": 19, "fields": {"name": "YO3 4/64", "quantity": 4, "unit_price": 13500.0, "brand": 5}}, {"model": "inventory.phone", "pk": 20, "fields": {"name": "Y18 6/128", "quantity": 2, "unit_price": 18000.0, "brand": 5}}, {"model": "inventory.phone", "pk": 21, "fields": {"name": "X8B 8/512", "quantity": 1, "unit_price": 30000.0, "brand": 10}}, {"model": "inventory.phone", "pk": 22, "fields": {"name": "X6B 6/128", "quantity": 2, "unit_price": 17000.0, "brand": 10}}, {"model": "inventory.phone", "pk": 23, "fields": {"name": "X7B 8/256", "quantity": 2, "unit_price": 24000.0, "brand": 10}}, {"model": "inventory.phone", "pk": 24, "fields": {"name": "X9B 12/256", "quantity": 0, "unit_price": 44000.0, "brand": 10}}, {"model": "inventory.phone", "pk": 25, "fields": {"name": "IPHONE 13 128", "quantity": 1, "unit_price": 95000.0, "brand": 1}}, {"model": "inventory.phone", "pk": 26, "fields": {"name": "15 PRO MAX 256", "quantity": 0, "unit_price": 206000.0, "brand": 1}}, {"model": "inventory.phone", "pk": 27, "fields": {"name": "S24 ULTRA 12/256", "quantity": 1, "unit_price": 185000.0, "brand": 2}}, {"model": "inventory.phone", "pk": 28, "fields": {"name": "S23 FE 8/256", "quantity": 1, "unit_price": 86000.0, "brand": 2}}, {"model": "inventory.phone", "pk": 29, "fields": {"name": "S24+ 12/256", "quantity": 0, "unit_price": 143000.0, "brand": 2}}, {"model": "inventory.phone", "pk": 30, "fields": {"name": "S24 8/256", "quantity": 1, "unit_price": 120000.0, "brand": 2}}, {"model": "inventory.phone", "pk": 31, "fields": {"name": "A55 8/256", "quantity": 7, "unit_price": 63000.0, "brand": 2}}, {"model": "inventory.phone", "pk": 32, "fields": {"name": "A55 12/256", "quantity": 6, "unit_price": 68000.0, "brand": 2}}, {"model": "inventory.phone", "pk": 33, "fields": {"name": "A54 8/256", "quantity": 0, "unit_price": 60000.0, "brand": 2}}, {"model": "inventory.phone", "pk": 34, "fields": {"name": "A35 8/128", "quantity": 5, "unit_price": 47000.0, "brand": 2}}, {"model": "inventory.phone", "pk": 35, "fields": {"name": "A35 8/256", "quantity": 3, "unit_price": 52000.0, "brand": 2}}, {"model": "inventory.phone", "pk": 36, "fields": {"name": "A15 6/128", "quantity": 3, "unit_price": 28000.0, "brand": 2}}, {"model": "inventory.phone", "pk": 37, "fields": {"name": "A15 8/128", "quantity": 7, "unit_price": null, "brand": 2}}, {"model": "inventory.phone", "pk": 38, "fields": {"name": "A15 8/256", "quantity": 1, "unit_price": 34000.0, "brand": 2}}, {"model": "inventory.phone", "pk": 39, "fields": {"name": "M55 12/256", "quantity": 0, "unit_price": 54000.0, "brand": 2}}, {"model": "inventory.phone", "pk": 40, "fields": {"name": "M35 8/256", "quantity": 1, "unit_price": 45000.0, "brand": 2}}, {"model": "inventory.phone", "pk": 41, "fields": {"name": "M14 4/64", "quantity": 1, "unit_price": 17000.0, "brand": 2}}, {"model": "inventory.phone", "pk": 42, "fields": {"name": "M15  6/128", "quantity": 3, "unit_price": 26000.0, "brand": 2}}, {"model": "inventory.phone", "pk": 43, "fields": {"name": "A06  4/64", "quantity": 1, "unit_price": 14500.0, "brand": 2}}, {"model": "inventory.phone", "pk": 44, "fields": {"name": "A06 4/128", "quantity": 5, "unit_price": 17500.0, "brand": 2}}, {"model": "inventory.phone", "pk": 45, "fields": {"name": "A06 6/128", "quantity": 4, "unit_price": 19500.0, "brand": 2}}, {"model": "inventory.phone", "pk": 46, "fields": {"name": "A05 6/128", "quantity": 3, "unit_price": 18000.0, "brand": 2}}, {"model": "inventory.phone", "pk": 47, "fields": {"name": "A05 4/64", "quantity": 3, "unit_price": 15000.0, "brand": 2}}, {"model": "inventory.phone", "pk": 48, "fields": {"name": "A04 4/64", "quantity": 2, "unit_price": 15000.0, "brand": 2}}, {"model": "inventory.phone", "pk": 49, "fields": {"name": "Z FOLD 6 12/256", "quantity": 1, "unit_price": 235000.0, "brand": 2}}, {"model": "inventory.phone", "pk": 50, "fields": {"name": "NORD N30 SE 4/128", "quantity": 1, "unit_price": 19000.0, "brand": 8}}, {"model": "inventory.phone", "pk": 51, "fields": {"name": "NORD CE 3 12/256", "quantity": 2, "unit_price": 37000.0, "brand": 8}}, {"model": "inventory.phone", "pk": 52, "fields": {"name": "CE 3 LITE 8/256", "quantity": 1, "unit_price": 34600.0, "brand": 8}}, {"model": "inventory.phone", "pk": 53, "fields": {"name": "PHONE 1 8/128", "quantity": 1, "unit_price": 31700.0, "brand": 7}}, {"model": "inventory.phone", "pk": 54, "fields": {"name": "PHONE 2A 8/128", "quantity": 1, "unit_price": 46000.0, "brand": 7}}, {"model": "inventory.phone", "pk": 55, "fields": {"name": "PHONE 2A 12/256", "quantity": 1, "unit_price": 75700.0, "brand": 7}}, {"model": "inventory.phone", "pk": 56, "fields": {"name": "PHONE 1 8/256", "quantity": 1, "unit_price": 36300.0, "brand": 7}}, {"model": "inventory.phone", "pk": 57, "fields": {"name": "XIAOMI 14", "quantity": 1, "unit_price": 100000.0, "brand": 4}}, {"model": "inventory.phone", "pk": 58, "fields": {"name": "NOTE 13 PRO + 12/512", "quantity": 2, "unit_price": 50000.0, "brand": 4}}, {"model": "inventory.phone", "pk": 59, "fields": {"name": "NOTE 13 PRO 12/512", "quantity": 0, "unit_price": 36000.0, "brand": 4}}, {"model": "inventory.phone", "pk": 60, "fields": {"name": "NOTE 13 PRO 8/256", "quantity": 1, "unit_price": 33000.0, "brand": 4}}, {"model": "inventory.phone", "pk": 61, "fields": {"name": "NOTE 13 6/128", "quantity": 1, "unit_price": 23500.0, "brand": 4}}, {"model": "inventory.phone", "pk": 62, "fields": {"name": "NOTE 13 8/256", "quantity": 1, "unit_price": 26000.0, "brand": 4}}, {"model": "inventory.phone", "pk": 63, "fields": {"name": "REDMI 13 6/128", "quantity": 2, "unit_price": 19000.0, "brand": 4}}, {"model": "inventory.phone", "pk": 64, "fields": {"name": "REDMI 13 8/256", "quantity": 3, "unit_price": 22000.0, "brand": 4}}, {"model": "inventory.phone", "pk": 65, "fields": {"name": "REDMI 13 C 6/128", "quantity": 3, "unit_price": 16000.0, "brand": 4}}, {"model": "inventory.phone", "pk": 66, "fields": {"name": "Redmi A3 3/64", "quantity": 2, "unit_price": 12000.0, "brand": 4}}, {"model": "inventory.phone", "pk": 67, "fields": {"name": "Redmi 13 C 4/128", "quantity": 1, "unit_price": 14000.0, "brand": 4}}, {"model": "inventory.phone", "pk": 68, "fields": {"name": "Redmi 13C 8/256", "quantity": 2, "unit_price": 19000.0, "brand": 4}}, {"model": "inventory.phone", "pk": 69, "fields": {"name": "Hot 30i 8/128", "quantity": 2, "unit_price": 17000.0, "brand": 9}}, {"model": "inventory.phone", "pk": 70, "fields": {"name": "Hot 30i 4/64", "quantity": 1, "unit_price": 14500.0, "brand": 9}}, {"model": "inventory.phone", "pk": 71, "fields": {"name": "Hot 40i 8/128", "quantity": 2, "unit_price": 18000.0, "brand": 9}}, {"model": "inventory.phone", "pk": 72, "fields": {"name": "Hot 40i 8/256", "quantity": 1, "unit_price": 20000.0, "brand": 9}}, {"model": "inventory.phone", "pk": 73, "fields": {"name": "smart 8 4/128", "quantity": 3, "unit_price": 13000.0, "brand": 9}}, {"model": "inventory.phone", "pk": 74, "fields": {"name": "smart 8 pro 4/64", "quantity": 1, "unit_price": 13000.0, "brand": 9}}, {"model": "inventory.phone", "pk": 75, "fields": {"name": "s24 ultra 12/512", "quantity": 0, "unit_price": 200000.0, "brand": 2}}, {"model": "inventory.phone", "pk": 76, "fields": {"name": "note 13 pro plus 8\\256gb", "quantity": 1, "unit_price": 45000.0, "brand": 4}}, {"model": "inventory.phone", "pk": 77, "fields": {"name": "m14 6/128", "quantity": 0, "unit_price": 21000.0, "brand": 2}}, {"model": "inventory.phone", "pk": 78, "fields": {"name": "s24 8/128", "quantity": 0, "unit_price": 100000.0, "brand": 2}}, {"model": "inventory.phone", "pk": 79, "fields": {"name": "c61 4/64", "quantity": 0, "unit_price": 13500.0, "brand": 6}}, {"model": "inventory.phone", "pk": 82, "fields": {"name": "hot 40i 4/128", "quantity": 2, "unit_price": 15000.0, "brand": 9}}, {"model": "inventory.phone", "pk": 83, "fields": {"name": "smart 8 3/64", "quantity": 2, "unit_price": 11500.0, "brand": 9}}, {"model": "inventory.phone", "pk": 84, "fields": {"name": "A3X 4/64", "quantity": 8, "unit_price": 14500.0, "brand": 3}}, {"model": "inventory.phone", "pk": 85, "fields": {"name": "A3X 4/128", "quantity": 5, "unit_price": 18000.0, "brand": 3}}, {"model": "inventory.phone", "pk": 86, "fields": {"name": "Redmi 14C 4/128", "quantity": 1, "unit_price": null, "brand": 4}}, {"model": "inventory.phone", "pk": 87, "fields": {"name": "REDMI 14C 6/128", "quantity": 1, "unit_price": null, "brand": 4}}, {"model": "inventory.phone", "pk": 88, "fields": {"name": "REDMI 14C 8/256", "quantity": 1, "unit_price": null, "brand": 4}}, {"model": "inventory.phone", "pk": 89, "fields": {"name": "realme 10 Pro+", "quantity": 1, "unit_price": null, "brand": 6}}, {"model": "inventory.phone", "pk": 90, "fields": {"name": "realme 11 pro 8/256", "quantity": 3, "unit_price": null, "brand": 6}}, {"model": "inventory.phone", "pk": 91, "fields": {"name": "realme 11 pro+ 12/256", "quantity": 2, "unit_price": null, "brand": 6}}, {"model": "inventory.phone", "pk": 92, "fields": {"name": "Iphone 11", "quantity": 1, "unit_price": null, "brand": 11}}, {"model": "inventory.phone", "pk": 93, "fields": {"name": "hot 50i 4/128", "quantity": 1, "unit_price": null, "brand": 9}}, {"model": "inventory.phone", "pk": 94, "fields": {"name": "smart 6/64", "quantity": 0, "unit_price": null, "brand": 9}}, {"model": "inventory.phone", "pk": 95, "fields": {"name": "smart 6/64", "quantity": 0, "unit_price": null, "brand": 9}}, {"model": "inventory.phone", "pk": 96, "fields": {"name": "smart 6/64", "quantity": 0, "unit_price": null, "brand": 9}}, {"model": "inventory.phone", "pk": 97, "fields": {"name": "smart 9 6/64", "quantity": 0, "unit_price": null, "brand": 9}}, {"model": "inventory.phone", "pk": 98, "fields": {"name": "hot 50i", "quantity": 1, "unit_price": null, "brand": 9}}, {"model": "inventory.phone", "pk": 99, "fields": {"name": "Hot 50i 6/128", "quantity": 0, "unit_price": null, "brand": 9}}, {"model": "inventory.phone", "pk": 100, "fields": {"name": "smart 9 3/64", "quantity": 0, "unit_price": null, "brand": 9}}, {"model": "inventory.phone", "pk": 101, "fields": {"name": "N61 4/64", "quantity": 2, "unit_price": null, "brand": 6}}, {"model": "inventory.phone", "pk": 102, "fields": {"name": "iphone 11 128", "quantity": 0, "unit_price": null, "brand": 1}}, {"model": "inventory.phone", "pk": 103, "fields": {"name": "Z FLIP 6 12/256", "quantity": 0, "unit_price": null, "brand": 2}}, {"model": "inventory.phone", "pk": 104, "fields": {"name": "z fold 6 12/512", "quantity": 1, "unit_price": null, "brand": 2}}, {"model": "inventory.phone", "pk": 105, "fields": {"name": "V40 LITE 8/256", "quantity": 1, "unit_price": null, "brand": 5}}, {"model": "inventory.item", "pk": 3, "fields": {"imei_number": "867528073745293", "phone": 3}}, {"model": "inventory.item", "pk": 4, "fields": {"imei_number": "864951069407798", "phone": 4}}, {"model": "inventory.item", "pk": 6, "fields": {"imei_number": "867190061213634", "phone": 4}}, {"model": "inventory.item", "pk": 8, "fields": {"imei_number": "868800073673497", "phone": 5}}, {"model": "inventory.item", "pk": 9, "fields": {"imei_number": "868800072207974", "phone": 5}}, {"model": "inventory.item", "pk": 10, "fields": {"imei_number": "868800071469559", "phone": 5}}, {"model": "inventory.item", "pk": 13, "fields": {"imei_number": "865950076052893", "phone": 6}}, {"model": "inventory.item", "pk": 14, "fields": {"imei_number": "865950076049550", "phone": 6}}, {"model": "inventory.item", "pk": 15, "fields": {"imei_number": "865950076482090", "phone": 7}}, {"model": "inventory.item", "pk": 16, "fields": {"imei_number": "865950076206614", "phone": 7}}, {"model": "inventory.item", "pk": 18, "fields": {"imei_number": "865950076060912", "phone": 6}}, {"model": "inventory.item", "pk": 19, "fields": {"imei_number": "865950076482074", "phone": 7}}, {"model": "inventory.item", "pk": 22, "fields": {"imei_number": "860318072642858", "phone": 11}}, {"model": "inventory.item", "pk": 24, "fields": {"imei_number": "862262076012296", "phone": 13}}, {"model": "inventory.item", "pk": 26, "fields": {"imei_number": "864839073413755", "phone": 9}}, {"model": "inventory.item", "pk": 27, "fields": {"imei_number": "862262075866395", "phone": 13}}, {"model": "inventory.item", "pk": 28, "fields": {"imei_number": "862991074559474", "phone": 17}}, {"model": "inventory.item", "pk": 29, "fields": {"imei_number": "862991074493914", "phone": 17}}, {"model": "inventory.item", "pk": 30, "fields": {"imei_number": "862991074220259", "phone": 18}}, {"model": "inventory.item", "pk": 31, "fields": {"imei_number": "862991074220473", "phone": 18}}, {"model": "inventory.item", "pk": 32, "fields": {"imei_number": "865690077740142", "phone": 20}}, {"model": "inventory.item", "pk": 33, "fields": {"imei_number": "865690077450403", "phone": 20}}, {"model": "inventory.item", "pk": 36, "fields": {"imei_number": "865200068213883", "phone": 21}}, {"model": "inventory.item", "pk": 38, "fields": {"imei_number": "864572071576030", "phone": 22}}, {"model": "inventory.item", "pk": 39, "fields": {"imei_number": "864572071660941", "phone": 22}}, {"model": "inventory.item", "pk": 40, "fields": {"imei_number": "863217065925089", "phone": 23}}, {"model": "inventory.item", "pk": 41, "fields": {"imei_number": "863217068556469", "phone": 23}}, {"model": "inventory.item", "pk": 48, "fields": {"imei_number": "354267933010008", "phone": 30}}, {"model": "inventory.item", "pk": 50, "fields": {"imei_number": "350411873813302", "phone": 28}}, {"model": "inventory.item", "pk": 54, "fields": {"imei_number": "352053267351990", "phone": 31}}, {"model": "inventory.item", "pk": 55, "fields": {"imei_number": "352053268419200", "phone": 31}}, {"model": "inventory.item", "pk": 56, "fields": {"imei_number": "352053268752089", "phone": 31}}, {"model": "inventory.item", "pk": 61, "fields": {"imei_number": "352053266381543", "phone": 32}}, {"model": "inventory.item", "pk": 83, "fields": {"imei_number": "353927346666016", "phone": 41}}, {"model": "inventory.item", "pk": 87, "fields": {"imei_number": "350284940918192", "phone": 43}}, {"model": "inventory.item", "pk": 92, "fields": {"imei_number": "351247890217294", "phone": 44}}, {"model": "inventory.item", "pk": 93, "fields": {"imei_number": "351680500132497", "phone": 45}}, {"model": "inventory.item", "pk": 95, "fields": {"imei_number": "354996630914746", "phone": 46}}, {"model": "inventory.item", "pk": 96, "fields": {"imei_number": "354996631650125", "phone": 46}}, {"model": "inventory.item", "pk": 97, "fields": {"imei_number": "354996631534428", "phone": 46}}, {"model": "inventory.item", "pk": 98, "fields": {"imei_number": "350835037005787", "phone": 47}}, {"model": "inventory.item", "pk": 99, "fields": {"imei_number": "350835037009276", "phone": 47}}, {"model": "inventory.item", "pk": 100, "fields": {"imei_number": "350835036999055", "phone": 47}}, {"model": "inventory.item", "pk": 101, "fields": {"imei_number": "352989672869714", "phone": 48}}, {"model": "inventory.item", "pk": 102, "fields": {"imei_number": "352989672870829", "phone": 48}}, {"model": "inventory.item", "pk": 114, "fields": {"imei_number": "351766317684299", "phone": 37}}, {"model": "inventory.item", "pk": 120, "fields": {"imei_number": "355566790312111", "phone": 49}}, {"model": "inventory.item", "pk": 122, "fields": {"imei_number": "860154060811753", "phone": 50}}, {"model": "inventory.item", "pk": 124, "fields": {"imei_number": "860380068817399", "phone": 51}}, {"model": "inventory.item", "pk": 125, "fields": {"imei_number": "860380069181654", "phone": 51}}, {"model": "inventory.item", "pk": 126, "fields": {"imei_number": "861772063801916", "phone": 52}}, {"model": "inventory.item", "pk": 127, "fields": {"imei_number": "351740830235947", "phone": 53}}, {"model": "inventory.item", "pk": 128, "fields": {"imei_number": "356657423246013", "phone": 54}}, {"model": "inventory.item", "pk": 129, "fields": {"imei_number": "356657423989182", "phone": 55}}, {"model": "inventory.item", "pk": 131, "fields": {"imei_number": "861482067598605", "phone": 57}}, {"model": "inventory.item", "pk": 135, "fields": {"imei_number": "860688071954227", "phone": 60}}, {"model": "inventory.item", "pk": 142, "fields": {"imei_number": "861675075852985", "phone": 62}}, {"model": "inventory.item", "pk": 145, "fields": {"imei_number": "862109072889740", "phone": 63}}, {"model": "inventory.item", "pk": 146, "fields": {"imei_number": "862109072888064", "phone": 63}}, {"model": "inventory.item", "pk": 147, "fields": {"imei_number": "861324076042763", "phone": 64}}, {"model": "inventory.item", "pk": 148, "fields": {"imei_number": "861324074741507", "phone": 64}}, {"model": "inventory.item", "pk": 149, "fields": {"imei_number": "861324074371685", "phone": 64}}, {"model": "inventory.item", "pk": 150, "fields": {"imei_number": "861798071524208", "phone": 65}}, {"model": "inventory.item", "pk": 152, "fields": {"imei_number": "863938076629622", "phone": 65}}, {"model": "inventory.item", "pk": 158, "fields": {"imei_number": "863938073696343", "phone": 67}}, {"model": "inventory.item", "pk": 161, "fields": {"imei_number": "864399076366542", "phone": 68}}, {"model": "inventory.item", "pk": 162, "fields": {"imei_number": "864904071218844", "phone": 68}}, {"model": "inventory.item", "pk": 163, "fields": {"imei_number": "352064297071508", "phone": 69}}, {"model": "inventory.item", "pk": 164, "fields": {"imei_number": "352064298145582", "phone": 69}}, {"model": "inventory.item", "pk": 166, "fields": {"imei_number": "352064295614366", "phone": 70}}, {"model": "inventory.item", "pk": 167, "fields": {"imei_number": "352635683488446", "phone": 71}}, {"model": "inventory.item", "pk": 168, "fields": {"imei_number": "352635682674244", "phone": 71}}, {"model": "inventory.item", "pk": 170, "fields": {"imei_number": "358478622021240", "phone": 73}}, {"model": "inventory.item", "pk": 173, "fields": {"imei_number": "868996071168447", "phone": 66}}, {"model": "inventory.item", "pk": 174, "fields": {"imei_number": "867504071391182", "phone": 66}}, {"model": "inventory.item", "pk": 177, "fields": {"imei_number": "860818070012020", "phone": 61}}, {"model": "inventory.item", "pk": 180, "fields": {"imei_number": "353022850813368", "phone": 74}}, {"model": "inventory.item", "pk": 187, "fields": {"imei_number": "865950076532498", "phone": 7}}, {"model": "inventory.item", "pk": 188, "fields": {"imei_number": "865950076535137", "phone": 7}}, {"model": "inventory.item", "pk": 194, "fields": {"imei_number": "861520071537182", "phone": 58}}, {"model": "inventory.item", "pk": 201, "fields": {"imei_number": "358311602985458", "phone": 38}}, {"model": "inventory.item", "pk": 206, "fields": {"imei_number": "869383077021483", "phone": 19}}, {"model": "inventory.item", "pk": 207, "fields": {"imei_number": "869383077022887", "phone": 19}}, {"model": "inventory.item", "pk": 208, "fields": {"imei_number": "869383077022028", "phone": 19}}, {"model": "inventory.item", "pk": 209, "fields": {"imei_number": "869383076756584", "phone": 19}}, {"model": "inventory.item", "pk": 211, "fields": {"imei_number": "863017069167195", "phone": 8}}, {"model": "inventory.item", "pk": 212, "fields": {"imei_number": "355392972543146", "phone": 72}}, {"model": "inventory.item", "pk": 213, "fields": {"imei_number": "355392979105725", "phone": 82}}, {"model": "inventory.item", "pk": 214, "fields": {"imei_number": "355392979104561", "phone": 82}}, {"model": "inventory.item", "pk": 215, "fields": {"imei_number": "353252579146705", "phone": 83}}, {"model": "inventory.item", "pk": 216, "fields": {"imei_number": "353252579034968", "phone": 83}}, {"model": "inventory.item", "pk": 217, "fields": {"imei_number": "356713853930129", "phone": 73}}, {"model": "inventory.item", "pk": 218, "fields": {"imei_number": "356713853729620", "phone": 73}}, {"model": "inventory.item", "pk": 227, "fields": {"imei_number": "352053269653161", "phone": 32}}, {"model": "inventory.item", "pk": 228, "fields": {"imei_number": "352053269659291", "phone": 32}}, {"model": "inventory.item", "pk": 229, "fields": {"imei_number": "352053269656875", "phone": 32}}, {"model": "inventory.item", "pk": 230, "fields": {"imei_number": "352053269651371", "phone": 31}}, {"model": "inventory.item", "pk": 245, "fields": {"imei_number": "351247890267174", "phone": 44}}, {"model": "inventory.item", "pk": 247, "fields": {"imei_number": "351680500110725", "phone": 45}}, {"model": "inventory.item", "pk": 253, "fields": {"imei_number": "866986077200437", "phone": 84}}, {"model": "inventory.item", "pk": 259, "fields": {"imei_number": "865950076055656", "phone": 6}}, {"model": "inventory.item", "pk": 261, "fields": {"imei_number": "865950076053818", "phone": 6}}, {"model": "inventory.item", "pk": 264, "fields": {"imei_number": "352053269658384", "phone": 31}}, {"model": "inventory.item", "pk": 265, "fields": {"imei_number": "352053269817360", "phone": 31}}, {"model": "inventory.item", "pk": 267, "fields": {"imei_number": "352053269651348", "phone": 31}}, {"model": "inventory.item", "pk": 270, "fields": {"imei_number": "352053269957745", "phone": 32}}, {"model": "inventory.item", "pk": 271, "fields": {"imei_number": "352053269930197", "phone": 32}}, {"model": "inventory.item", "pk": 279, "fields": {"imei_number": "350722243849903", "phone": 35}}, {"model": "inventory.item", "pk": 288, "fields": {"imei_number": "350115575890332", "phone": 34}}, {"model": "inventory.item", "pk": 291, "fields": {"imei_number": "868850076221687", "phone": 86}}, {"model": "inventory.item", "pk": 293, "fields": {"imei_number": "864965079114707", "phone": 87}}, {"model": "inventory.item", "pk": 294, "fields": {"imei_number": "865642077714809", "phone": 88}}, {"model": "inventory.item", "pk": 296, "fields": {"imei_number": "861520076462287", "phone": 76}}, {"model": "inventory.item", "pk": 297, "fields": {"imei_number": "860348071238267", "phone": 65}}, {"model": "inventory.item", "pk": 303, "fields": {"imei_number": "350115575890498", "phone": 34}}, {"model": "inventory.item", "pk": 304, "fields": {"imei_number": "350115575891017", "phone": 34}}, {"model": "inventory.item", "pk": 311, "fields": {"imei_number": "869029071233190", "phone": 2}}, {"model": "inventory.item", "pk": 312, "fields": {"imei_number": "866986077198953", "phone": 84}}, {"model": "inventory.item", "pk": 318, "fields": {"imei_number": "865493066050718", "phone": 89}}, {"model": "inventory.item", "pk": 319, "fields": {"imei_number": "860605066189932", "phone": 90}}, {"model": "inventory.item", "pk": 320, "fields": {"imei_number": "860605066058632", "phone": 90}}, {"model": "inventory.item", "pk": 321, "fields": {"imei_number": "860605066188595", "phone": 90}}, {"model": "inventory.item", "pk": 322, "fields": {"imei_number": "864720067014777", "phone": 91}}, {"model": "inventory.item", "pk": 323, "fields": {"imei_number": "864720064430570", "phone": 91}}, {"model": "inventory.item", "pk": 327, "fields": {"imei_number": "358308820224777", "phone": 40}}, {"model": "inventory.item", "pk": 330, "fields": {"imei_number": "lllllllllllllll", "phone": 92}}, {"model": "inventory.item", "pk": 332, "fields": {"imei_number": "359159791403463", "phone": 93}}, {"model": "inventory.item", "pk": 334, "fields": {"imei_number": "359159791509707", "phone": 98}}, {"model": "inventory.item", "pk": 338, "fields": {"imei_number": "866986075058134", "phone": 84}}, {"model": "inventory.item", "pk": 345, "fields": {"imei_number": "351766318520252", "phone": 37}}, {"model": "inventory.item", "pk": 350, "fields": {"imei_number": "860899070584812", "phone": 101}}, {"model": "inventory.item", "pk": 351, "fields": {"imei_number": "860899070581412", "phone": 101}}, {"model": "inventory.item", "pk": 352, "fields": {"imei_number": "860899070877158", "phone": 12}}, {"model": "inventory.item", "pk": 353, "fields": {"imei_number": "862145077013118", "phone": 12}}, {"model": "inventory.item", "pk": 359, "fields": {"imei_number": "863929079138299", "phone": 85}}, {"model": "inventory.item", "pk": 360, "fields": {"imei_number": "863929079768830", "phone": 85}}, {"model": "inventory.item", "pk": 361, "fields": {"imei_number": "863929079762239", "phone": 85}}, {"model": "inventory.item", "pk": 362, "fields": {"imei_number": "863929079763732", "phone": 85}}, {"model": "inventory.item", "pk": 364, "fields": {"imei_number": "863929079143810", "phone": 85}}, {"model": "inventory.item", "pk": 367, "fields": {"imei_number": "351740831024605", "phone": 56}}, {"model": "inventory.item", "pk": 369, "fields": {"imei_number": "350308470200588", "phone": 25}}, {"model": "inventory.item", "pk": 372, "fields": {"imei_number": "351766318534980", "phone": 37}}, {"model": "inventory.item", "pk": 373, "fields": {"imei_number": "351766318528040", "phone": 37}}, {"model": "inventory.item", "pk": 385, "fields": {"imei_number": "351680500169309", "phone": 45}}, {"model": "inventory.item", "pk": 386, "fields": {"imei_number": "351680500221522", "phone": 45}}, {"model": "inventory.item", "pk": 388, "fields": {"imei_number": "867302071054060", "phone": 58}}, {"model": "inventory.item", "pk": 394, "fields": {"imei_number": "351247890275805", "phone": 44}}, {"model": "inventory.item", "pk": 395, "fields": {"imei_number": "351247890267976", "phone": 44}}, {"model": "inventory.item", "pk": 396, "fields": {"imei_number": "351247890271937", "phone": 44}}, {"model": "inventory.item", "pk": 397, "fields": {"imei_number": "351766319531993", "phone": 37}}, {"model": "inventory.item", "pk": 398, "fields": {"imei_number": "351766319531647", "phone": 37}}, {"model": "inventory.item", "pk": 399, "fields": {"imei_number": "351766319519436", "phone": 36}}, {"model": "inventory.item", "pk": 400, "fields": {"imei_number": "351766319537370", "phone": 36}}, {"model": "inventory.item", "pk": 401, "fields": {"imei_number": "351766319558129", "phone": 36}}, {"model": "inventory.item", "pk": 402, "fields": {"imei_number": "351766319531704", "phone": 37}}, {"model": "inventory.item", "pk": 407, "fields": {"imei_number": "352722661998180", "phone": 27}}, {"model": "inventory.item", "pk": 408, "fields": {"imei_number": "868800079420075", "phone": 5}}, {"model": "inventory.item", "pk": 409, "fields": {"imei_number": "868800079425397", "phone": 5}}, {"model": "inventory.item", "pk": 410, "fields": {"imei_number": "868800071475754", "phone": 5}}, {"model": "inventory.item", "pk": 411, "fields": {"imei_number": "868800079415794", "phone": 5}}, {"model": "inventory.item", "pk": 412, "fields": {"imei_number": "868800071475937", "phone": 5}}, {"model": "inventory.item", "pk": 413, "fields": {"imei_number": "868884072952078", "phone": 6}}, {"model": "inventory.item", "pk": 415, "fields": {"imei_number": "868884074144799", "phone": 6}}, {"model": "inventory.item", "pk": 416, "fields": {"imei_number": "868884072954512", "phone": 6}}, {"model": "inventory.item", "pk": 417, "fields": {"imei_number": "868884074144179", "phone": 6}}, {"model": "inventory.item", "pk": 418, "fields": {"imei_number": "866986075080930", "phone": 84}}, {"model": "inventory.item", "pk": 419, "fields": {"imei_number": "866986077691098", "phone": 84}}, {"model": "inventory.item", "pk": 420, "fields": {"imei_number": "866986075026297", "phone": 84}}, {"model": "inventory.item", "pk": 422, "fields": {"imei_number": "866986077704958", "phone": 84}}, {"model": "inventory.item", "pk": 423, "fields": {"imei_number": "866986077704453", "phone": 84}}, {"model": "inventory.item", "pk": 424, "fields": {"imei_number": "355954420381591", "phone": 104}}, {"model": "inventory.item", "pk": 425, "fields": {"imei_number": "350722244134305", "phone": 35}}, {"model": "inventory.item", "pk": 426, "fields": {"imei_number": "350722244131608", "phone": 35}}, {"model": "inventory.item", "pk": 427, "fields": {"imei_number": "350115576590972", "phone": 34}}, {"model": "inventory.item", "pk": 428, "fields": {"imei_number": "350115576620795", "phone": 34}}, {"model": "inventory.item", "pk": 429, "fields": {"imei_number": "350814493308670", "phone": 42}}, {"model": "inventory.item", "pk": 430, "fields": {"imei_number": "350814493314082", "phone": 42}}, {"model": "inventory.item", "pk": 431, "fields": {"imei_number": "350814493762538", "phone": 42}}, {"model": "inventory.item", "pk": 432, "fields": {"imei_number": "862038079114473", "phone": 105}}, {"model": "transaction.vendor", "pk": 1, "fields": {"name": "Delight", "brand": 3, "due": 1885503.8, "enterprise": 1, "cashback": null}}, {"model": "transaction.vendor", "pk": 2, "fields": {"name": "RNK", "brand": 6, "due": 242851.84, "enterprise": 1, "cashback": null}}, {"model": "transaction.vendor", "pk": 3, "fields": {"name": "Mobi Section", "brand": 5, "due": 246955.13, "enterprise": 1, "cashback": null}}, {"model": "transaction.vendor", "pk": 4, "fields": {"name": "Bharat trade", "brand": 4, "due": 1199035.66, "enterprise": 1, "cashback": null}}, {"model": "transaction.vendor", "pk": 5, "fields": {"name": "GPRS Mobile", "brand": 2, "due": 702775523012276.8, "enterprise": 1, "cashback": null}}, {"model": "transaction.vendor", "pk": 6, "fields": {"name": "ACP Trade Link", "brand": 8, "due": 174856.0, "enterprise": 1, "cashback": null}}, {"model": "transaction.vendor", "pk": 7, "fields": {"name": "ACP TRADE LINK INFINIX", "brand": 9, "due": 353252579355583.4, "enterprise": 1, "cashback": null}}, {"model": "transaction.vendor", "pk": 8, "fields": {"name": "HONOR ACP TRADE LINK", "brand": 10, "due": 178961.0, "enterprise": 1, "cashback": null}}, {"model": "transaction.vendor", "pk": 9, "fields": {"name": "ICE Fall", "brand": 1, "due": 50.46000000007916, "enterprise": 1, "cashback": null}}, {"model": "transaction.vendor", "pk": 10, "fields": {"name": "NOTHING DELIGHT", "brand": 7, "due": 201572.35, "enterprise": 1, "cashback": null}}, {"model": "transaction.vendor", "pk": 11, "fields": {"name": "OUT", "brand": 4, "due": 16000.0, "enterprise": 1, "cashback": null}}, {"model": "transaction.vendor", "pk": 12, "fields": {"name": "bharat trade realme", "brand": 6, "due": 247999.96999999997, "enterprise": 1, "cashback": null}}, {"model": "transaction.vendor", "pk": 13, "fields": {"name": "VendorA", "brand": 11, "due": 1130000.0, "enterprise": 2, "cashback": null}}, {"model": "transaction.vendor", "pk": 14, "fields": {"name": "ASdasd", "brand": 14, "due": null, "enterprise": 2, "cashback": null}}, {"model": "transaction.purchasetransaction", "pk": 1, "fields": {"date": "2024-09-18T05:45:51.768Z", "vendor": 1, "total_amount": 560466.0, "enterprise": 1, "bill_no": null, "method": "credit", "cheque_number": null, "cashout_date": null}}, {"model": "transaction.purchasetransaction", "pk": 2, "fields": {"date": "2024-09-17T06:07:30.866Z", "vendor": 2, "total_amount": 185710.0, "enterprise": 1, "bill_no": null, "method": "credit", "cheque_number": null, "cashout_date": null}}, {"model": "transaction.purchasetransaction", "pk": 3, "fields": {"date": "2024-09-18T06:19:31.230Z", "vendor": 3, "total_amount": 160948.0, "enterprise": 1, "bill_no": null, "method": "credit", "cheque_number": null, "cashout_date": null}}, {"model": "transaction.purchasetransaction", "pk": 4, "fields": {"date": "2024-09-17T06:37:08.878Z", "vendor": 8, "total_amount": 178961.0, "enterprise": 1, "bill_no": null, "method": "credit", "cheque_number": null, "cashout_date": null}}, {"model": "transaction.purchasetransaction", "pk": 5, "fields": {"date": "2024-09-18T06:43:16.951Z", "vendor": 9, "total_amount": 289422.0, "enterprise": 1, "bill_no": null, "method": "credit", "cheque_number": null, "cashout_date": null}}, {"model": "transaction.purchasetransaction", "pk": 6, "fields": {"date": "2024-09-17T00:00:00Z", "vendor": 5, "total_amount": 177600.0, "enterprise": 1, "bill_no": "432", "method": "credit", "cheque_number": null, "cashout_date": null}}, {"model": "transaction.purchasetransaction", "pk": 7, "fields": {"date": "2024-09-17T07:01:23.048Z", "vendor": 5, "total_amount": 316345.0, "enterprise": 1, "bill_no": null, "method": "credit", "cheque_number": null, "cashout_date": null}}, {"model": "transaction.purchasetransaction", "pk": 8, "fields": {"date": "2024-09-17T07:07:55.655Z", "vendor": 5, "total_amount": 82692.0, "enterprise": 1, "bill_no": null, "method": "credit", "cheque_number": null, "cashout_date": null}}, {"model": "transaction.purchasetransaction", "pk": 9, "fields": {"date": "2024-09-17T07:11:06.685Z", "vendor": 5, "total_amount": 165384.0, "enterprise": 1, "bill_no": null, "method": "credit", "cheque_number": null, "cashout_date": null}}, {"model": "transaction.purchasetransaction", "pk": 10, "fields": {"date": "2024-09-17T07:18:25.690Z", "vendor": 5, "total_amount": 180000.0, "enterprise": 1, "bill_no": null, "method": "credit", "cheque_number": null, "cashout_date": null}}, {"model": "transaction.purchasetransaction", "pk": 11, "fields": {"date": "2024-09-17T07:20:52.215Z", "vendor": 5, "total_amount": 180000.0, "enterprise": 1, "bill_no": null, "method": "credit", "cheque_number": null, "cashout_date": null}}, {"model": "transaction.purchasetransaction", "pk": 12, "fields": {"date": "2024-09-17T07:26:00.165Z", "vendor": 5, "total_amount": 194283.0, "enterprise": 1, "bill_no": null, "method": "credit", "cheque_number": null, "cashout_date": null}}, {"model": "transaction.purchasetransaction", "pk": 13, "fields": {"date": "2024-09-17T07:27:08.281Z", "vendor": 5, "total_amount": 64761.0, "enterprise": 1, "bill_no": null, "method": "credit", "cheque_number": null, "cashout_date": null}}, {"model": "transaction.purchasetransaction", "pk": 14, "fields": {"date": "2024-09-17T07:29:24.703Z", "vendor": 5, "total_amount": 57142.0, "enterprise": 1, "bill_no": null, "method": "credit", "cheque_number": null, "cashout_date": null}}, {"model": "transaction.purchasetransaction", "pk": 15, "fields": {"date": "2024-09-17T07:32:13.565Z", "vendor": 5, "total_amount": 90384.0, "enterprise": 1, "bill_no": null, "method": "credit", "cheque_number": null, "cashout_date": null}}, {"model": "transaction.purchasetransaction", "pk": 16, "fields": {"date": "2024-09-18T07:39:24.013Z", "vendor": 5, "total_amount": 247615.0, "enterprise": 1, "bill_no": null, "method": "credit", "cheque_number": null, "cashout_date": null}}, {"model": "transaction.purchasetransaction", "pk": 17, "fields": {"date": "2024-09-17T07:42:36.792Z", "vendor": 5, "total_amount": 79998.0, "enterprise": 1, "bill_no": null, "method": "credit", "cheque_number": null, "cashout_date": null}}, {"model": "transaction.purchasetransaction", "pk": 18, "fields": {"date": "2024-09-17T07:47:51.124Z", "vendor": 5, "total_amount": 114284.0, "enterprise": 1, "bill_no": null, "method": "credit", "cheque_number": null, "cashout_date": null}}, {"model": "transaction.purchasetransaction", "pk": 19, "fields": {"date": "2024-09-17T07:52:11.622Z", "vendor": 5, "total_amount": 129520.0, "enterprise": 1, "bill_no": null, "method": "credit", "cheque_number": null, "cashout_date": null}}, {"model": "transaction.purchasetransaction", "pk": 20, "fields": {"date": "2024-09-17T07:54:35.702Z", "vendor": 5, "total_amount": 49523.0, "enterprise": 1, "bill_no": null, "method": "credit", "cheque_number": null, "cashout_date": null}}, {"model": "transaction.purchasetransaction", "pk": 21, "fields": {"date": "2024-09-18T07:56:12.274Z", "vendor": 5, "total_amount": 42857.0, "enterprise": 1, "bill_no": null, "method": "credit", "cheque_number": null, "cashout_date": null}}, {"model": "transaction.purchasetransaction", "pk": 22, "fields": {"date": "2024-09-17T07:58:12.360Z", "vendor": 5, "total_amount": 16190.0, "enterprise": 1, "bill_no": null, "method": "credit", "cheque_number": null, "cashout_date": null}}, {"model": "transaction.purchasetransaction", "pk": 23, "fields": {"date": "2024-09-17T08:01:45.797Z", "vendor": 5, "total_amount": 74283.0, "enterprise": 1, "bill_no": null, "method": "credit", "cheque_number": null, "cashout_date": null}}, {"model": "transaction.purchasetransaction", "pk": 24, "fields": {"date": "2024-09-17T08:07:12.813Z", "vendor": 5, "total_amount": 44283.0, "enterprise": 1, "bill_no": null, "method": "credit", "cheque_number": null, "cashout_date": null}}, {"model": "transaction.purchasetransaction", "pk": 25, "fields": {"date": "2024-09-17T08:11:16.899Z", "vendor": 5, "total_amount": 49998.0, "enterprise": 1, "bill_no": null, "method": "credit", "cheque_number": null, "cashout_date": null}}, {"model": "transaction.purchasetransaction", "pk": 26, "fields": {"date": "2024-09-17T08:14:03.526Z", "vendor": 5, "total_amount": 37142.0, "enterprise": 1, "bill_no": null, "method": "credit", "cheque_number": null, "cashout_date": null}}, {"model": "transaction.purchasetransaction", "pk": 27, "fields": {"date": "2024-09-17T08:18:29.804Z", "vendor": 5, "total_amount": 51426.0, "enterprise": 1, "bill_no": null, "method": "credit", "cheque_number": null, "cashout_date": null}}, {"model": "transaction.purchasetransaction", "pk": 28, "fields": {"date": "2024-09-17T08:23:01.808Z", "vendor": 5, "total_amount": 42855.0, "enterprise": 1, "bill_no": null, "method": "credit", "cheque_number": null, "cashout_date": null}}, {"model": "transaction.purchasetransaction", "pk": 29, "fields": {"date": "2024-09-17T08:26:15.991Z", "vendor": 5, "total_amount": 28570.0, "enterprise": 1, "bill_no": null, "method": "credit", "cheque_number": null, "cashout_date": null}}, {"model": "transaction.purchasetransaction", "pk": 30, "fields": {"date": "2024-09-17T08:44:20.739Z", "vendor": 5, "total_amount": 49523.0, "enterprise": 1, "bill_no": "111", "method": "credit", "cheque_number": null, "cashout_date": null}}, {"model": "transaction.purchasetransaction", "pk": 31, "fields": {"date": "2024-09-18T09:00:22.659Z", "vendor": 5, "total_amount": 180947.0, "enterprise": 1, "bill_no": "612", "method": "credit", "cheque_number": null, "cashout_date": null}}, {"model": "transaction.purchasetransaction", "pk": 32, "fields": {"date": "2024-09-18T09:04:32.500Z", "vendor": 5, "total_amount": 114284.0, "enterprise": 1, "bill_no": "612", "method": "credit", "cheque_number": null, "cashout_date": null}}, {"model": "transaction.purchasetransaction", "pk": 33, "fields": {"date": "2024-09-18T09:07:18.396Z", "vendor": 5, "total_amount": 89522.0, "enterprise": 1, "bill_no": "612", "method": "credit", "cheque_number": null, "cashout_date": null}}, {"model": "transaction.purchasetransaction", "pk": 34, "fields": {"date": "2024-09-18T09:11:03.911Z", "vendor": 5, "total_amount": 55713.0, "enterprise": 1, "bill_no": "612", "method": "credit", "cheque_number": null, "cashout_date": null}}, {"model": "transaction.purchasetransaction", "pk": 35, "fields": {"date": "2024-09-18T09:13:34.226Z", "vendor": 5, "total_amount": 225961.0, "enterprise": 1, "bill_no": "612", "method": "credit", "cheque_number": null, "cashout_date": null}}, {"model": "transaction.purchasetransaction", "pk": 36, "fields": {"date": "2024-09-18T09:20:59.910Z", "vendor": 6, "total_amount": 36190.0, "enterprise": 1, "bill_no": "112", "method": "credit", "cheque_number": null, "cashout_date": null}}, {"model": "transaction.purchasetransaction", "pk": 37, "fields": {"date": "2024-09-18T09:24:03.874Z", "vendor": 6, "total_amount": 105714.0, "enterprise": 1, "bill_no": "112", "method": "credit", "cheque_number": null, "cashout_date": null}}, {"model": "transaction.purchasetransaction", "pk": 38, "fields": {"date": "2024-09-18T09:25:43.395Z", "vendor": 6, "total_amount": 32952.0, "enterprise": 1, "bill_no": "112", "method": "credit", "cheque_number": null, "cashout_date": null}}, {"model": "transaction.purchasetransaction", "pk": 39, "fields": {"date": "2024-09-18T09:30:16.943Z", "vendor": 10, "total_amount": 31700.0, "enterprise": 1, "bill_no": "113", "method": "credit", "cheque_number": null, "cashout_date": null}}, {"model": "transaction.purchasetransaction", "pk": 40, "fields": {"date": "2024-09-18T09:32:04.125Z", "vendor": 10, "total_amount": 46000.0, "enterprise": 1, "bill_no": "113", "method": "credit", "cheque_number": null, "cashout_date": null}}, {"model": "transaction.purchasetransaction", "pk": 41, "fields": {"date": "2024-09-18T09:33:40.036Z", "vendor": 10, "total_amount": 53000.0, "enterprise": 1, "bill_no": "113", "method": "credit", "cheque_number": null, "cashout_date": null}}, {"model": "transaction.purchasetransaction", "pk": 42, "fields": {"date": "2024-09-18T09:35:52.190Z", "vendor": 10, "total_amount": 36300.0, "enterprise": 1, "bill_no": "113", "method": "credit", "cheque_number": null, "cashout_date": null}}, {"model": "transaction.purchasetransaction", "pk": 43, "fields": {"date": "2024-09-18T09:55:34.395Z", "vendor": 4, "total_amount": 95238.0, "enterprise": 1, "bill_no": "114", "method": "credit", "cheque_number": null, "cashout_date": null}}, {"model": "transaction.purchasetransaction", "pk": 44, "fields": {"date": "2024-09-18T09:58:04.290Z", "vendor": 4, "total_amount": 50476.0, "enterprise": 1, "bill_no": "114", "method": "credit", "cheque_number": null, "cashout_date": null}}, {"model": "transaction.purchasetransaction", "pk": 45, "fields": {"date": "2024-09-18T09:59:40.609Z", "vendor": 4, "total_amount": 34285.0, "enterprise": 1, "bill_no": "114", "method": "credit", "cheque_number": null, "cashout_date": null}}, {"model": "transaction.purchasetransaction", "pk": 46, "fields": {"date": "2024-09-18T10:02:33.053Z", "vendor": 4, "total_amount": 62856.0, "enterprise": 1, "bill_no": "114", "method": "credit", "cheque_number": null, "cashout_date": null}}, {"model": "transaction.purchasetransaction", "pk": 49, "fields": {"date": "2024-09-18T10:07:55.675Z", "vendor": 4, "total_amount": 53332.0, "enterprise": 1, "bill_no": "114", "method": "credit", "cheque_number": null, "cashout_date": null}}, {"model": "transaction.purchasetransaction", "pk": 50, "fields": {"date": "2024-09-18T10:12:10.513Z", "vendor": 4, "total_amount": 54285.0, "enterprise": 1, "bill_no": "114", "method": "credit", "cheque_number": null, "cashout_date": null}}, {"model": "transaction.purchasetransaction", "pk": 51, "fields": {"date": "2024-09-18T10:15:58.055Z", "vendor": 4, "total_amount": 62856.0, "enterprise": 1, "bill_no": "114", "method": "credit", "cheque_number": null, "cashout_date": null}}, {"model": "transaction.purchasetransaction", "pk": 52, "fields": {"date": "2024-09-18T10:21:02.833Z", "vendor": 4, "total_amount": 45714.0, "enterprise": 1, "bill_no": "114", "method": "credit", "cheque_number": null, "cashout_date": null}}, {"model": "transaction.purchasetransaction", "pk": 55, "fields": {"date": "2024-09-18T10:30:33.746Z", "vendor": 4, "total_amount": 11428.0, "enterprise": 1, "bill_no": "114", "method": "credit", "cheque_number": null, "cashout_date": null}}, {"model": "transaction.purchasetransaction", "pk": 56, "fields": {"date": "2024-09-18T10:40:30.393Z", "vendor": 4, "total_amount": 39999.0, "enterprise": 1, "bill_no": "114", "method": "credit", "cheque_number": null, "cashout_date": null}}, {"model": "transaction.purchasetransaction", "pk": 57, "fields": {"date": "2024-09-18T10:44:25.750Z", "vendor": 4, "total_amount": 36190.0, "enterprise": 1, "bill_no": "114", "method": "credit", "cheque_number": null, "cashout_date": null}}, {"model": "transaction.purchasetransaction", "pk": 58, "fields": {"date": "2024-09-18T10:57:41.352Z", "vendor": 7, "total_amount": 48570.0, "enterprise": 1, "bill_no": "115", "method": "credit", "cheque_number": null, "cashout_date": null}}, {"model": "transaction.purchasetransaction", "pk": 59, "fields": {"date": "2024-09-18T10:59:50.674Z", "vendor": 7, "total_amount": 10000.0, "enterprise": 1, "bill_no": "115", "method": "credit", "cheque_number": null, "cashout_date": null}}, {"model": "transaction.purchasetransaction", "pk": 60, "fields": {"date": "2024-09-18T11:03:04.829Z", "vendor": 7, "total_amount": 33332.0, "enterprise": 1, "bill_no": "115", "method": "credit", "cheque_number": null, "cashout_date": null}}, {"model": "transaction.purchasetransaction", "pk": 61, "fields": {"date": "2024-09-18T11:05:30.474Z", "vendor": 7, "total_amount": 19047.0, "enterprise": 1, "bill_no": "115", "method": "credit", "cheque_number": null, "cashout_date": null}}, {"model": "transaction.purchasetransaction", "pk": 62, "fields": {"date": "2024-09-18T11:08:42.748Z", "vendor": 7, "total_amount": 12857.0, "enterprise": 1, "bill_no": "115", "method": "credit", "cheque_number": null, "cashout_date": null}}, {"model": "transaction.purchasetransaction", "pk": 63, "fields": {"date": "2024-09-18T11:11:31.707Z", "vendor": 7, "total_amount": 12380.0, "enterprise": 1, "bill_no": "115", "method": "credit", "cheque_number": null, "cashout_date": null}}, {"model": "transaction.purchasetransaction", "pk": 64, "fields": {"date": "2024-09-18T11:12:25.377Z", "vendor": 7, "total_amount": 12380.0, "enterprise": 1, "bill_no": "115", "method": "credit", "cheque_number": null, "cashout_date": null}}, {"model": "transaction.purchasetransaction", "pk": 65, "fields": {"date": "2024-09-18T11:51:07.760Z", "vendor": 4, "total_amount": 22856.0, "enterprise": 1, "bill_no": "114", "method": "credit", "cheque_number": null, "cashout_date": null}}, {"model": "transaction.purchasetransaction", "pk": 66, "fields": {"date": "2024-09-18T11:55:59.663Z", "vendor": 4, "total_amount": 68571.0, "enterprise": 1, "bill_no": "114", "method": "credit", "cheque_number": null, "cashout_date": null}}, {"model": "transaction.purchasetransaction", "pk": 67, "fields": {"date": "2024-09-19T11:51:17.222Z", "vendor": 7, "total_amount": 36618.0, "enterprise": 1, "bill_no": "558", "method": "credit", "cheque_number": null, "cashout_date": null}}, {"model": "transaction.purchasetransaction", "pk": 69, "fields": {"date": "2024-09-20T00:00:00Z", "vendor": 1, "total_amount": 181901.0, "enterprise": 1, "bill_no": "235", "method": "credit", "cheque_number": null, "cashout_date": null}}, {"model": "transaction.purchasetransaction", "pk": 70, "fields": {"date": "2024-09-20T13:55:04.690Z", "vendor": 5, "total_amount": 192000.0, "enterprise": 1, "bill_no": "898", "method": "credit", "cheque_number": null, "cashout_date": null}}, {"model": "transaction.purchasetransaction", "pk": 72, "fields": {"date": "2024-09-22T11:05:04.038Z", "vendor": 4, "total_amount": 50000.0, "enterprise": 1, "bill_no": "1613", "method": "credit", "cheque_number": null, "cashout_date": null}}, {"model": "transaction.purchasetransaction", "pk": 73, "fields": {"date": "2024-09-22T11:37:18.534Z", "vendor": 4, "total_amount": 89857.0, "enterprise": 1, "bill_no": "1613", "method": "credit", "cheque_number": null, "cashout_date": null}}, {"model": "transaction.purchasetransaction", "pk": 74, "fields": {"date": "2024-09-23T08:10:05.292Z", "vendor": 5, "total_amount": 409930.0, "enterprise": 1, "bill_no": "927", "method": "credit", "cheque_number": null, "cashout_date": null}}, {"model": "transaction.purchasetransaction", "pk": 75, "fields": {"date": "2024-09-24T10:12:05.912Z", "vendor": 3, "total_amount": 51428.0, "enterprise": 1, "bill_no": "287", "method": "credit", "cheque_number": null, "cashout_date": null}}, {"model": "transaction.purchasetransaction", "pk": 76, "fields": {"date": "2024-09-24T10:13:39.973Z", "vendor": 1, "total_amount": 17000.0, "enterprise": 1, "bill_no": "240", "method": "credit", "cheque_number": null, "cashout_date": null}}, {"model": "transaction.purchasetransaction", "pk": 77, "fields": {"date": "2024-09-24T10:14:26.290Z", "vendor": 1, "total_amount": 17000.0, "enterprise": 1, "bill_no": "240", "method": "credit", "cheque_number": null, "cashout_date": null}}, {"model": "transaction.purchasetransaction", "pk": 78, "fields": {"date": "2024-09-24T00:00:00Z", "vendor": 7, "total_amount": 65000.0, "enterprise": 1, "bill_no": "586", "method": "credit", "cheque_number": null, "cashout_date": null}}, {"model": "transaction.purchasetransaction", "pk": 79, "fields": {"date": "2024-09-24T12:36:38.402Z", "vendor": 7, "total_amount": 11500.0, "enterprise": 1, "bill_no": "586", "method": "credit", "cheque_number": null, "cashout_date": null}}, {"model": "transaction.purchasetransaction", "pk": 80, "fields": {"date": "2024-09-24T12:39:42.877Z", "vendor": 7, "total_amount": 23000.0, "enterprise": 1, "bill_no": "586", "method": "credit", "cheque_number": null, "cashout_date": null}}, {"model": "transaction.purchasetransaction", "pk": 81, "fields": {"date": "2024-09-25T07:44:24.472Z", "vendor": 5, "total_amount": 157000.0, "enterprise": 1, "bill_no": "668", "method": "credit", "cheque_number": null, "cashout_date": null}}, {"model": "transaction.purchasetransaction", "pk": 82, "fields": {"date": "2024-09-25T00:00:00Z", "vendor": 5, "total_amount": 340000.0, "enterprise": 1, "bill_no": "668", "method": "credit", "cheque_number": null, "cashout_date": null}}, {"model": "transaction.purchasetransaction", "pk": 83, "fields": {"date": "2024-09-25T07:48:10.897Z", "vendor": 5, "total_amount": 68000.0, "enterprise": 1, "bill_no": "668", "method": "credit", "cheque_number": null, "cashout_date": null}}, {"model": "transaction.purchasetransaction", "pk": 84, "fields": {"date": "2024-09-25T07:50:03.151Z", "vendor": 5, "total_amount": 84000.0, "enterprise": 1, "bill_no": "668", "method": "credit", "cheque_number": null, "cashout_date": null}}, {"model": "transaction.purchasetransaction", "pk": 85, "fields": {"date": "2024-09-25T00:00:00Z", "vendor": 5, "total_amount": 94000.0, "enterprise": 1, "bill_no": "668", "method": "credit", "cheque_number": null, "cashout_date": null}}, {"model": "transaction.purchasetransaction", "pk": 86, "fields": {"date": "2024-09-25T07:53:10.831Z", "vendor": 5, "total_amount": 104000.0, "enterprise": 1, "bill_no": "668", "method": "credit", "cheque_number": null, "cashout_date": null}}, {"model": "transaction.purchasetransaction", "pk": 87, "fields": {"date": "2024-09-25T07:55:18.603Z", "vendor": 5, "total_amount": 52000.0, "enterprise": 1, "bill_no": "668", "method": "credit", "cheque_number": null, "cashout_date": null}}, {"model": "transaction.purchasetransaction", "pk": 88, "fields": {"date": "2024-09-25T07:59:48.074Z", "vendor": 5, "total_amount": 207000.0, "enterprise": 1, "bill_no": "668", "method": "credit", "cheque_number": null, "cashout_date": null}}, {"model": "transaction.purchasetransaction", "pk": 89, "fields": {"date": "2024-09-25T05:39:37.017Z", "vendor": 1, "total_amount": 58000.0, "enterprise": 1, "bill_no": "n0", "method": "credit", "cheque_number": null, "cashout_date": null}}, {"model": "transaction.purchasetransaction", "pk": 90, "fields": {"date": "2024-09-26T05:41:51.249Z", "vendor": 1, "total_amount": 72000.0, "enterprise": 1, "bill_no": "NO", "method": "credit", "cheque_number": null, "cashout_date": null}}, {"model": "transaction.purchasetransaction", "pk": 91, "fields": {"date": "2024-09-26T09:02:13.988Z", "vendor": 1, "total_amount": 115000.0, "enterprise": 1, "bill_no": "246", "method": "credit", "cheque_number": null, "cashout_date": null}}, {"model": "transaction.purchasetransaction", "pk": 92, "fields": {"date": "2024-09-26T13:42:26.619Z", "vendor": 1, "total_amount": 28000.0, "enterprise": 1, "bill_no": "mistek", "method": "credit", "cheque_number": null, "cashout_date": null}}, {"model": "transaction.purchasetransaction", "pk": 93, "fields": {"date": "2024-09-29T08:26:19.940Z", "vendor": 5, "total_amount": 315000.0, "enterprise": 1, "bill_no": "727", "method": "credit", "cheque_number": null, "cashout_date": null}}, {"model": "transaction.purchasetransaction", "pk": 94, "fields": {"date": "2024-09-29T08:27:25.773Z", "vendor": 5, "total_amount": 63000.0, "enterprise": 1, "bill_no": "727", "method": "credit", "cheque_number": null, "cashout_date": null}}, {"model": "transaction.purchasetransaction", "pk": 95, "fields": {"date": "2024-09-29T08:28:21.543Z", "vendor": 5, "total_amount": 68000.0, "enterprise": 1, "bill_no": "727", "method": "credit", "cheque_number": null, "cashout_date": null}}, {"model": "transaction.purchasetransaction", "pk": 96, "fields": {"date": "2024-09-29T08:30:35.726Z", "vendor": 5, "total_amount": 68000.0, "enterprise": 1, "bill_no": "727", "method": "credit", "cheque_number": null, "cashout_date": null}}, {"model": "transaction.purchasetransaction", "pk": 97, "fields": {"date": "2024-09-29T08:32:01.525Z", "vendor": 5, "total_amount": 68000.0, "enterprise": 1, "bill_no": "727", "method": "credit", "cheque_number": null, "cashout_date": null}}, {"model": "transaction.purchasetransaction", "pk": 98, "fields": {"date": "2024-09-29T09:03:16.297Z", "vendor": 5, "total_amount": 30000.0, "enterprise": 1, "bill_no": "727", "method": "credit", "cheque_number": null, "cashout_date": null}}, {"model": "transaction.purchasetransaction", "pk": 99, "fields": {"date": "2024-09-29T09:06:17.962Z", "vendor": 5, "total_amount": 120000.0, "enterprise": 1, "bill_no": "727", "method": "credit", "cheque_number": null, "cashout_date": null}}, {"model": "transaction.purchasetransaction", "pk": 100, "fields": {"date": "2024-09-29T09:14:13.483Z", "vendor": 5, "total_amount": 68000.0, "enterprise": 1, "bill_no": "727", "method": "credit", "cheque_number": null, "cashout_date": null}}, {"model": "transaction.purchasetransaction", "pk": 101, "fields": {"date": "2024-09-29T09:16:16.157Z", "vendor": 5, "total_amount": 149000.0, "enterprise": 1, "bill_no": "727", "method": "credit", "cheque_number": null, "cashout_date": null}}, {"model": "transaction.purchasetransaction", "pk": 102, "fields": {"date": "2024-09-29T09:17:18.753Z", "vendor": 5, "total_amount": 21000.0, "enterprise": 1, "bill_no": "727", "method": "credit", "cheque_number": null, "cashout_date": null}}, {"model": "transaction.purchasetransaction", "pk": 103, "fields": {"date": "2024-09-29T09:22:09.134Z", "vendor": 5, "total_amount": 246000.0, "enterprise": 1, "bill_no": "727", "method": "credit", "cheque_number": null, "cashout_date": null}}, {"model": "transaction.purchasetransaction", "pk": 104, "fields": {"date": "2024-09-29T11:02:00.690Z", "vendor": 4, "total_amount": 28000.0, "enterprise": 1, "bill_no": "1733", "method": "credit", "cheque_number": null, "cashout_date": null}}, {"model": "transaction.purchasetransaction", "pk": 105, "fields": {"date": "2024-09-29T11:05:24.653Z", "vendor": 4, "total_amount": 32000.0, "enterprise": 1, "bill_no": "1733", "method": "credit", "cheque_number": null, "cashout_date": null}}, {"model": "transaction.purchasetransaction", "pk": 106, "fields": {"date": "2024-09-29T11:08:03.751Z", "vendor": 4, "total_amount": 38000.0, "enterprise": 1, "bill_no": "1733", "method": "credit", "cheque_number": null, "cashout_date": null}}, {"model": "transaction.purchasetransaction", "pk": 107, "fields": {"date": "2024-09-29T11:09:09.275Z", "vendor": 4, "total_amount": 45000.0, "enterprise": 1, "bill_no": "1733", "method": "credit", "cheque_number": null, "cashout_date": null}}, {"model": "transaction.purchasetransaction", "pk": 108, "fields": {"date": "2024-09-29T13:24:00.057Z", "vendor": 11, "total_amount": 16000.0, "enterprise": 1, "bill_no": "NO BILL", "method": "credit", "cheque_number": null, "cashout_date": null}}, {"model": "transaction.purchasetransaction", "pk": 109, "fields": {"date": "2024-09-30T09:02:00.524Z", "vendor": 5, "total_amount": 259055.88999999996, "enterprise": 1, "bill_no": "751", "method": "credit", "cheque_number": null, "cashout_date": null}}, {"model": "transaction.purchasetransaction", "pk": 110, "fields": {"date": "2024-09-30T13:27:18.061Z", "vendor": 5, "total_amount": 137280.31, "enterprise": 1, "bill_no": "761", "method": "credit", "cheque_number": null, "cashout_date": null}}, {"model": "transaction.purchasetransaction", "pk": 111, "fields": {"date": "2024-09-30T18:15:00Z", "vendor": 5, "total_amount": 177600.0, "enterprise": 1, "bill_no": "no bill", "method": "credit", "cheque_number": null, "cashout_date": null}}, {"model": "transaction.purchasetransaction", "pk": 112, "fields": {"date": "2024-10-01T07:40:42.624Z", "vendor": 5, "total_amount": 50433.03, "enterprise": 1, "bill_no": "no bill", "method": "credit", "cheque_number": null, "cashout_date": null}}, {"model": "transaction.purchasetransaction", "pk": 113, "fields": {"date": "2024-10-01T06:31:10.184Z", "vendor": 1, "total_amount": 62856.25, "enterprise": 1, "bill_no": "300", "method": "credit", "cheque_number": null, "cashout_date": null}}, {"model": "transaction.purchasetransaction", "pk": 114, "fields": {"date": "2024-10-01T06:36:50.068Z", "vendor": 1, "total_amount": 92852.1, "enterprise": 1, "bill_no": "300", "method": "credit", "cheque_number": null, "cashout_date": null}}, {"model": "transaction.purchasetransaction", "pk": 115, "fields": {"date": "2024-10-01T06:47:40.985Z", "vendor": 12, "total_amount": 247999.96999999997, "enterprise": 1, "bill_no": "1804", "method": "credit", "cheque_number": null, "cashout_date": null}}, {"model": "transaction.purchasetransaction", "pk": 116, "fields": {"date": "2024-09-30T18:15:00Z", "vendor": 5, "total_amount": 506401.75, "enterprise": 1, "bill_no": "783", "method": "credit", "cheque_number": null, "cashout_date": null}}, {"model": "transaction.purchasetransaction", "pk": 117, "fields": {"date": "2024-09-30T18:15:00Z", "vendor": 13, "total_amount": 1130000.0, "enterprise": 2, "bill_no": "asd", "method": "credit", "cheque_number": null, "cashout_date": null}}, {"model": "transaction.purchasetransaction", "pk": 118, "fields": {"date": "2024-10-02T04:53:30.789Z", "vendor": 5, "total_amount": 177600.97, "enterprise": 1, "bill_no": "433", "method": "credit", "cheque_number": null, "cashout_date": null}}, {"model": "transaction.purchasetransaction", "pk": 119, "fields": {"date": "2024-10-01T18:15:00Z", "vendor": 7, "total_amount": 28503.12, "enterprise": 1, "bill_no": "644", "method": "credit", "cheque_number": null, "cashout_date": null}}, {"model": "transaction.purchasetransaction", "pk": 120, "fields": {"date": "2024-10-02T07:11:40.263Z", "vendor": 7, "total_amount": 11214.12, "enterprise": 1, "bill_no": "644", "method": "credit", "cheque_number": null, "cashout_date": null}}, {"model": "transaction.purchasetransaction", "pk": 121, "fields": {"date": "2024-10-02T07:15:28.000Z", "vendor": 1, "total_amount": 75687.4, "enterprise": 1, "bill_no": "312", "method": "credit", "cheque_number": null, "cashout_date": null}}, {"model": "transaction.purchasetransaction", "pk": 122, "fields": {"date": "2024-10-02T23:46:55.047Z", "vendor": 7, "total_amount": 11214.12, "enterprise": 1, "bill_no": "644", "method": "credit", "cheque_number": null, "cashout_date": null}}, {"model": "transaction.purchasetransaction", "pk": 123, "fields": {"date": "2024-10-04T02:03:11.162Z", "vendor": 5, "total_amount": 142504.3, "enterprise": 1, "bill_no": "no bill", "method": "credit", "cheque_number": null, "cashout_date": null}}, {"model": "transaction.purchasetransaction", "pk": 124, "fields": {"date": "2024-10-04T06:57:14.535Z", "vendor": 1, "total_amount": 41425.8, "enterprise": 1, "bill_no": "331", "method": "credit", "cheque_number": null, "cashout_date": null}}, {"model": "transaction.purchasetransaction", "pk": 125, "fields": {"date": "2024-10-05T06:37:45.342Z", "vendor": 2, "total_amount": 25714.28, "enterprise": 1, "bill_no": "350", "method": "credit", "cheque_number": null, "cashout_date": null}}, {"model": "transaction.purchasetransaction", "pk": 126, "fields": {"date": "2024-10-05T06:38:54.956Z", "vendor": 2, "total_amount": 31427.56, "enterprise": 1, "bill_no": "350", "method": "credit", "cheque_number": null, "cashout_date": null}}, {"model": "transaction.purchasetransaction", "pk": 127, "fields": {"date": "2024-10-06T04:19:00.391Z", "vendor": 1, "total_amount": 69043.0, "enterprise": 1, "bill_no": "342", "method": "credit", "cheque_number": null, "cashout_date": null}}, {"model": "transaction.purchasetransaction", "pk": 128, "fields": {"date": "2024-10-06T04:22:43.320Z", "vendor": 1, "total_amount": 137136.80000000002, "enterprise": 1, "bill_no": "342", "method": "credit", "cheque_number": null, "cashout_date": null}}, {"model": "transaction.purchasetransaction", "pk": 129, "fields": {"date": "2024-10-06T04:25:46.715Z", "vendor": 10, "total_amount": 34572.35, "enterprise": 1, "bill_no": "343", "method": "credit", "cheque_number": null, "cashout_date": null}}, {"model": "transaction.purchasetransaction", "pk": 130, "fields": {"date": "2024-10-06T07:04:26.814Z", "vendor": 9, "total_amount": 180499.42, "enterprise": 1, "bill_no": "8182", "method": "credit", "cheque_number": null, "cashout_date": null}}, {"model": "transaction.purchasetransaction", "pk": 131, "fields": {"date": "2024-10-06T07:06:01.627Z", "vendor": 9, "total_amount": 65549.04, "enterprise": 1, "bill_no": "8182", "method": "credit", "cheque_number": null, "cashout_date": null}}, {"model": "transaction.purchasetransaction", "pk": 132, "fields": {"date": "2024-10-07T03:39:00.543Z", "vendor": 5, "total_amount": 85502.58, "enterprise": 1, "bill_no": "864", "method": "credit", "cheque_number": null, "cashout_date": null}}, {"model": "transaction.purchasetransaction", "pk": 133, "fields": {"date": "2024-10-07T03:40:17.871Z", "vendor": 5, "total_amount": 53200.4, "enterprise": 1, "bill_no": "864", "method": "credit", "cheque_number": null, "cashout_date": null}}, {"model": "transaction.purchasetransaction", "pk": 134, "fields": {"date": "2024-10-07T03:42:31.571Z", "vendor": 5, "total_amount": 129204.2, "enterprise": 1, "bill_no": "864", "method": "credit", "cheque_number": null, "cashout_date": null}}, {"model": "transaction.purchasetransaction", "pk": 135, "fields": {"date": "2024-10-07T03:44:03.667Z", "vendor": 5, "total_amount": 49401.34, "enterprise": 1, "bill_no": "864", "method": "credit", "cheque_number": null, "cashout_date": null}}, {"model": "transaction.purchasetransaction", "pk": 136, "fields": {"date": "2024-10-07T03:45:33.253Z", "vendor": 5, "total_amount": 43710.659999999996, "enterprise": 1, "bill_no": "1055", "method": "credit", "cheque_number": null, "cashout_date": null}}, {"model": "transaction.purchasetransaction", "pk": 137, "fields": {"date": "2024-10-07T03:47:08.138Z", "vendor": 5, "total_amount": 54992.58, "enterprise": 1, "bill_no": "1055", "method": "credit", "cheque_number": null, "cashout_date": null}}, {"model": "transaction.purchasetransaction", "pk": 138, "fields": {"date": "2024-10-08T03:08:41.849Z", "vendor": 4, "total_amount": 95238.66, "enterprise": 1, "bill_no": "1958", "method": "credit", "cheque_number": null, "cashout_date": null}}, {"model": "transaction.purchasetransaction", "pk": 139, "fields": {"date": "2024-10-08T23:41:30.948Z", "vendor": 5, "total_amount": 148800.66, "enterprise": 1, "bill_no": "1063", "method": "credit", "cheque_number": null, "cashout_date": null}}, {"model": "transaction.purchasetransaction", "pk": 140, "fields": {"date": "2024-10-09T05:17:28.527Z", "vendor": 5, "total_amount": 43710.659999999996, "enterprise": 1, "bill_no": "1108", "method": "credit", "cheque_number": null, "cashout_date": null}}, {"model": "transaction.purchasetransaction", "pk": 141, "fields": {"date": "2024-10-09T05:19:45.313Z", "vendor": 5, "total_amount": 49351.62, "enterprise": 1, "bill_no": "1108", "method": "credit", "cheque_number": null, "cashout_date": null}}, {"model": "transaction.purchasetransaction", "pk": 142, "fields": {"date": "2024-10-09T05:24:04.858Z", "vendor": 5, "total_amount": 136802.32, "enterprise": 1, "bill_no": "1108", "method": "credit", "cheque_number": null, "cashout_date": null}}, {"model": "transaction.purchasetransaction", "pk": 143, "fields": {"date": "2024-10-09T05:25:09.690Z", "vendor": 5, "total_amount": 28500.86, "enterprise": 1, "bill_no": "1108", "method": "credit", "cheque_number": null, "cashout_date": null}}, {"model": "transaction.purchasetransaction", "pk": 144, "fields": {"date": "2024-10-09T05:27:50.981Z", "vendor": 5, "total_amount": 276403.65, "enterprise": 1, "bill_no": "1108", "method": "credit", "cheque_number": null, "cashout_date": null}}, {"model": "transaction.purchasetransaction", "pk": 145, "fields": {"date": "2024-10-09T06:37:06.695Z", "vendor": 1, "total_amount": 142860.25, "enterprise": 1, "bill_no": "364", "method": "credit", "cheque_number": null, "cashout_date": null}}, {"model": "transaction.purchasetransaction", "pk": 146, "fields": {"date": "2024-10-09T06:39:21.392Z", "vendor": 1, "total_amount": 21903.92, "enterprise": 1, "bill_no": "364", "method": "credit", "cheque_number": null, "cashout_date": null}}, {"model": "transaction.purchasetransaction", "pk": 147, "fields": {"date": "2024-10-09T06:41:30.853Z", "vendor": 1, "total_amount": 87615.68, "enterprise": 1, "bill_no": "364", "method": "credit", "cheque_number": null, "cashout_date": null}}, {"model": "transaction.purchasetransaction", "pk": 148, "fields": {"date": "2024-10-09T07:04:38.281Z", "vendor": 1, "total_amount": 82851.6, "enterprise": 1, "bill_no": "364", "method": "credit", "cheque_number": null, "cashout_date": null}}, {"model": "transaction.purchasetransaction", "pk": 149, "fields": {"date": "2024-10-17T07:00:47.000Z", "vendor": 5, "total_amount": 235944.0, "enterprise": 1, "bill_no": "00", "method": "credit", "cheque_number": null, "cashout_date": null}}, {"model": "transaction.purchasetransaction", "pk": 150, "fields": {"date": "2024-10-17T07:29:21.623Z", "vendor": 5, "total_amount": 98800.42, "enterprise": 1, "bill_no": "911", "method": "credit", "cheque_number": null, "cashout_date": null}}, {"model": "transaction.purchasetransaction", "pk": 151, "fields": {"date": "2024-10-17T07:30:23.333Z", "vendor": 5, "total_amount": 89301.64, "enterprise": 1, "bill_no": "1145", "method": "credit", "cheque_number": null, "cashout_date": null}}, {"model": "transaction.purchasetransaction", "pk": 152, "fields": {"date": "2024-10-17T07:31:44.177Z", "vendor": 5, "total_amount": 74102.01, "enterprise": 1, "bill_no": "1145", "method": "credit", "cheque_number": null, "cashout_date": null}}, {"model": "transaction.purchasetransaction", "pk": 153, "fields": {"date": "2024-10-18T05:48:44.775Z", "vendor": 3, "total_amount": 34579.13, "enterprise": 1, "bill_no": "432", "method": "credit", "cheque_number": null, "cashout_date": null}}, {"model": "transaction.purchase", "pk": 1, "fields": {"phone": 1, "imei_number": "867768054018837", "unit_price": 30000.0, "purchase_transaction": 1}}, {"model": "transaction.purchase", "pk": 2, "fields": {"phone": 2, "imei_number": "869029071231855", "unit_price": 62857.0, "purchase_transaction": 1}}, {"model": "transaction.purchase", "pk": 3, "fields": {"phone": 3, "imei_number": "867528073745293", "unit_price": 41904.0, "purchase_transaction": 1}}, {"model": "transaction.purchase", "pk": 4, "fields": {"phone": 4, "imei_number": "864951069407798", "unit_price": 31428.0, "purchase_transaction": 1}}, {"model": "transaction.purchase", "pk": 5, "fields": {"phone": 4, "imei_number": "867190061215699", "unit_price": 31428.0, "purchase_transaction": 1}}, {"model": "transaction.purchase", "pk": 6, "fields": {"phone": 4, "imei_number": "867190061213634", "unit_price": 31428.0, "purchase_transaction": 1}}, {"model": "transaction.purchase", "pk": 7, "fields": {"phone": 5, "imei_number": "868800071468999", "unit_price": 28571.0, "purchase_transaction": 1}}, {"model": "transaction.purchase", "pk": 8, "fields": {"phone": 5, "imei_number": "868800073673497", "unit_price": 28571.0, "purchase_transaction": 1}}, {"model": "transaction.purchase", "pk": 9, "fields": {"phone": 5, "imei_number": "868800072207974", "unit_price": 28571.0, "purchase_transaction": 1}}, {"model": "transaction.purchase", "pk": 10, "fields": {"phone": 5, "imei_number": "868800071469559", "unit_price": 28571.0, "purchase_transaction": 1}}, {"model": "transaction.purchase", "pk": 11, "fields": {"phone": 5, "imei_number": "868800071469310", "unit_price": 28571.0, "purchase_transaction": 1}}, {"model": "transaction.purchase", "pk": 12, "fields": {"phone": 8, "imei_number": "869511062395237", "unit_price": 16190.0, "purchase_transaction": 1}}, {"model": "transaction.purchase", "pk": 13, "fields": {"phone": 6, "imei_number": "865950076052893", "unit_price": 21904.0, "purchase_transaction": 1}}, {"model": "transaction.purchase", "pk": 14, "fields": {"phone": 6, "imei_number": "865950076049550", "unit_price": 21904.0, "purchase_transaction": 1}}, {"model": "transaction.purchase", "pk": 15, "fields": {"phone": 7, "imei_number": "865950076482090", "unit_price": 26666.0, "purchase_transaction": 1}}, {"model": "transaction.purchase", "pk": 16, "fields": {"phone": 7, "imei_number": "865950076206614", "unit_price": 26666.0, "purchase_transaction": 1}}, {"model": "transaction.purchase", "pk": 17, "fields": {"phone": 7, "imei_number": "865950076507995", "unit_price": 26666.0, "purchase_transaction": 1}}, {"model": "transaction.purchase", "pk": 18, "fields": {"phone": 6, "imei_number": "865950076060912", "unit_price": 21904.0, "purchase_transaction": 1}}, {"model": "transaction.purchase", "pk": 19, "fields": {"phone": 7, "imei_number": "865950076482074", "unit_price": 26666.0, "purchase_transaction": 1}}, {"model": "transaction.purchase", "pk": 20, "fields": {"phone": 16, "imei_number": "860373067585158", "unit_price": 48571.0, "purchase_transaction": 2}}, {"model": "transaction.purchase", "pk": 21, "fields": {"phone": 12, "imei_number": "862145077424539", "unit_price": 14761.0, "purchase_transaction": 2}}, {"model": "transaction.purchase", "pk": 22, "fields": {"phone": 11, "imei_number": "860318072642858", "unit_price": 20952.0, "purchase_transaction": 2}}, {"model": "transaction.purchase", "pk": 23, "fields": {"phone": 10, "imei_number": "867907078019534", "unit_price": 23809.0, "purchase_transaction": 2}}, {"model": "transaction.purchase", "pk": 24, "fields": {"phone": 13, "imei_number": "862262076012296", "unit_price": 15238.0, "purchase_transaction": 2}}, {"model": "transaction.purchase", "pk": 25, "fields": {"phone": 14, "imei_number": "862492062862616", "unit_price": 14761.0, "purchase_transaction": 2}}, {"model": "transaction.purchase", "pk": 26, "fields": {"phone": 9, "imei_number": "864839073413755", "unit_price": 32380.0, "purchase_transaction": 2}}, {"model": "transaction.purchase", "pk": 27, "fields": {"phone": 13, "imei_number": "862262075866395", "unit_price": 15238.0, "purchase_transaction": 2}}, {"model": "transaction.purchase", "pk": 28, "fields": {"phone": 17, "imei_number": "862991074559474", "unit_price": 26666.0, "purchase_transaction": 3}}, {"model": "transaction.purchase", "pk": 29, "fields": {"phone": 17, "imei_number": "862991074493914", "unit_price": 26666.0, "purchase_transaction": 3}}, {"model": "transaction.purchase", "pk": 30, "fields": {"phone": 18, "imei_number": "862991074220259", "unit_price": 23809.0, "purchase_transaction": 3}}, {"model": "transaction.purchase", "pk": 31, "fields": {"phone": 18, "imei_number": "862991074220473", "unit_price": 23809.0, "purchase_transaction": 3}}, {"model": "transaction.purchase", "pk": 32, "fields": {"phone": 20, "imei_number": "865690077740142", "unit_price": 17142.0, "purchase_transaction": 3}}, {"model": "transaction.purchase", "pk": 33, "fields": {"phone": 20, "imei_number": "865690077450403", "unit_price": 17142.0, "purchase_transaction": 3}}, {"model": "transaction.purchase", "pk": 34, "fields": {"phone": 19, "imei_number": "868396070669735", "unit_price": 12857.0, "purchase_transaction": 3}}, {"model": "transaction.purchase", "pk": 35, "fields": {"phone": 19, "imei_number": "868396070676682", "unit_price": 12857.0, "purchase_transaction": 3}}, {"model": "transaction.purchase", "pk": 36, "fields": {"phone": 21, "imei_number": "865200068213883", "unit_price": 28571.0, "purchase_transaction": 4}}, {"model": "transaction.purchase", "pk": 37, "fields": {"phone": 21, "imei_number": "865200067570804", "unit_price": 28571.0, "purchase_transaction": 4}}, {"model": "transaction.purchase", "pk": 38, "fields": {"phone": 22, "imei_number": "864572071576030", "unit_price": 16190.0, "purchase_transaction": 4}}, {"model": "transaction.purchase", "pk": 39, "fields": {"phone": 22, "imei_number": "864572071660941", "unit_price": 16190.0, "purchase_transaction": 4}}, {"model": "transaction.purchase", "pk": 40, "fields": {"phone": 23, "imei_number": "863217065925089", "unit_price": 23782.0, "purchase_transaction": 4}}, {"model": "transaction.purchase", "pk": 41, "fields": {"phone": 23, "imei_number": "863217068556469", "unit_price": 23753.0, "purchase_transaction": 4}}, {"model": "transaction.purchase", "pk": 42, "fields": {"phone": 24, "imei_number": "861789070803511", "unit_price": 41904.0, "purchase_transaction": 4}}, {"model": "transaction.purchase", "pk": 43, "fields": {"phone": 25, "imei_number": "351509526034041", "unit_price": 91346.0, "purchase_transaction": 5}}, {"model": "transaction.purchase", "pk": 44, "fields": {"phone": 26, "imei_number": "357164768342761", "unit_price": 198076.0, "purchase_transaction": 5}}, {"model": "transaction.purchase", "pk": 45, "fields": {"phone": 27, "imei_number": "352722662031759", "unit_price": 177600.0, "purchase_transaction": 6}}, {"model": "transaction.purchase", "pk": 46, "fields": {"phone": 29, "imei_number": "356163310524323", "unit_price": 137500.0, "purchase_transaction": 7}}, {"model": "transaction.purchase", "pk": 47, "fields": {"phone": 28, "imei_number": "350411873807213", "unit_price": 82692.0, "purchase_transaction": 7}}, {"model": "transaction.purchase", "pk": 48, "fields": {"phone": 30, "imei_number": "354267933010008", "unit_price": 96153.0, "purchase_transaction": 7}}, {"model": "transaction.purchase", "pk": 49, "fields": {"phone": 28, "imei_number": "350411873807528", "unit_price": 82692.0, "purchase_transaction": 8}}, {"model": "transaction.purchase", "pk": 50, "fields": {"phone": 28, "imei_number": "350411873813302", "unit_price": 82692.0, "purchase_transaction": 9}}, {"model": "transaction.purchase", "pk": 51, "fields": {"phone": 28, "imei_number": "350411873807379", "unit_price": 82692.0, "purchase_transaction": 9}}, {"model": "transaction.purchase", "pk": 52, "fields": {"phone": 31, "imei_number": "532053266261687", "unit_price": 60000.0, "purchase_transaction": 10}}, {"model": "transaction.purchase", "pk": 53, "fields": {"phone": 31, "imei_number": "352053268090910", "unit_price": 60000.0, "purchase_transaction": 10}}, {"model": "transaction.purchase", "pk": 54, "fields": {"phone": 31, "imei_number": "352053267351990", "unit_price": 60000.0, "purchase_transaction": 10}}, {"model": "transaction.purchase", "pk": 55, "fields": {"phone": 31, "imei_number": "352053268419200", "unit_price": 60000.0, "purchase_transaction": 11}}, {"model": "transaction.purchase", "pk": 56, "fields": {"phone": 31, "imei_number": "352053268752089", "unit_price": 60000.0, "purchase_transaction": 11}}, {"model": "transaction.purchase", "pk": 57, "fields": {"phone": 31, "imei_number": "352053268519363", "unit_price": 60000.0, "purchase_transaction": 11}}, {"model": "transaction.purchase", "pk": 58, "fields": {"phone": 32, "imei_number": "352053268517334", "unit_price": 64761.0, "purchase_transaction": 12}}, {"model": "transaction.purchase", "pk": 59, "fields": {"phone": 32, "imei_number": "352053267390949", "unit_price": 64761.0, "purchase_transaction": 12}}, {"model": "transaction.purchase", "pk": 60, "fields": {"phone": 32, "imei_number": "352053268564187", "unit_price": 64761.0, "purchase_transaction": 12}}, {"model": "transaction.purchase", "pk": 61, "fields": {"phone": 32, "imei_number": "352053266381543", "unit_price": 64761.0, "purchase_transaction": 13}}, {"model": "transaction.purchase", "pk": 62, "fields": {"phone": 33, "imei_number": "350968170554384", "unit_price": 57142.0, "purchase_transaction": 14}}, {"model": "transaction.purchase", "pk": 63, "fields": {"phone": 34, "imei_number": "350115575334653", "unit_price": 45192.0, "purchase_transaction": 15}}, {"model": "transaction.purchase", "pk": 64, "fields": {"phone": 34, "imei_number": "350115574915429", "unit_price": 45192.0, "purchase_transaction": 15}}, {"model": "transaction.purchase", "pk": 65, "fields": {"phone": 35, "imei_number": "350722243446304", "unit_price": 49523.0, "purchase_transaction": 16}}, {"model": "transaction.purchase", "pk": 66, "fields": {"phone": 35, "imei_number": "350722242278245", "unit_price": 49523.0, "purchase_transaction": 16}}, {"model": "transaction.purchase", "pk": 67, "fields": {"phone": 35, "imei_number": "350722242302276", "unit_price": 49523.0, "purchase_transaction": 16}}, {"model": "transaction.purchase", "pk": 70, "fields": {"phone": 36, "imei_number": "351766317684026", "unit_price": 26666.0, "purchase_transaction": 17}}, {"model": "transaction.purchase", "pk": 71, "fields": {"phone": 36, "imei_number": "351766317593573", "unit_price": 26666.0, "purchase_transaction": 17}}, {"model": "transaction.purchase", "pk": 72, "fields": {"phone": 36, "imei_number": "351766317554500", "unit_price": 26666.0, "purchase_transaction": 17}}, {"model": "transaction.purchase", "pk": 73, "fields": {"phone": 37, "imei_number": "351766318267698", "unit_price": 28571.0, "purchase_transaction": 18}}, {"model": "transaction.purchase", "pk": 74, "fields": {"phone": 37, "imei_number": "351766317692904", "unit_price": 28571.0, "purchase_transaction": 18}}, {"model": "transaction.purchase", "pk": 75, "fields": {"phone": 37, "imei_number": "351766317605690", "unit_price": 28571.0, "purchase_transaction": 18}}, {"model": "transaction.purchase", "pk": 76, "fields": {"phone": 37, "imei_number": "351766317290055", "unit_price": 28571.0, "purchase_transaction": 18}}, {"model": "transaction.purchase", "pk": 77, "fields": {"phone": 38, "imei_number": "358311602817107", "unit_price": 32380.0, "purchase_transaction": 19}}, {"model": "transaction.purchase", "pk": 78, "fields": {"phone": 38, "imei_number": "358311602949967", "unit_price": 32380.0, "purchase_transaction": 19}}, {"model": "transaction.purchase", "pk": 79, "fields": {"phone": 38, "imei_number": "358311602967837", "unit_price": 32380.0, "purchase_transaction": 19}}, {"model": "transaction.purchase", "pk": 80, "fields": {"phone": 38, "imei_number": "358311602949819", "unit_price": 32380.0, "purchase_transaction": 19}}, {"model": "transaction.purchase", "pk": 81, "fields": {"phone": 39, "imei_number": "354027550346824", "unit_price": 49523.0, "purchase_transaction": 20}}, {"model": "transaction.purchase", "pk": 82, "fields": {"phone": 40, "imei_number": "358308820321888", "unit_price": 42857.0, "purchase_transaction": 21}}, {"model": "transaction.purchase", "pk": 83, "fields": {"phone": 41, "imei_number": "353927346666016", "unit_price": 16190.0, "purchase_transaction": 22}}, {"model": "transaction.purchase", "pk": 84, "fields": {"phone": 42, "imei_number": "350814492808654", "unit_price": 24761.0, "purchase_transaction": 23}}, {"model": "transaction.purchase", "pk": 85, "fields": {"phone": 42, "imei_number": "350814492327390", "unit_price": 24761.0, "purchase_transaction": 23}}, {"model": "transaction.purchase", "pk": 86, "fields": {"phone": 42, "imei_number": "350814492330063", "unit_price": 24761.0, "purchase_transaction": 23}}, {"model": "transaction.purchase", "pk": 87, "fields": {"phone": 43, "imei_number": "350284940918192", "unit_price": 14761.0, "purchase_transaction": 24}}, {"model": "transaction.purchase", "pk": 88, "fields": {"phone": 43, "imei_number": "350284940995356", "unit_price": 14761.0, "purchase_transaction": 24}}, {"model": "transaction.purchase", "pk": 89, "fields": {"phone": 43, "imei_number": "350284940902907", "unit_price": 14761.0, "purchase_transaction": 24}}, {"model": "transaction.purchase", "pk": 90, "fields": {"phone": 44, "imei_number": "351247890179403", "unit_price": 16666.0, "purchase_transaction": 25}}, {"model": "transaction.purchase", "pk": 91, "fields": {"phone": 44, "imei_number": "351247890233564", "unit_price": 16666.0, "purchase_transaction": 25}}, {"model": "transaction.purchase", "pk": 92, "fields": {"phone": 44, "imei_number": "351247890217294", "unit_price": 16666.0, "purchase_transaction": 25}}, {"model": "transaction.purchase", "pk": 93, "fields": {"phone": 45, "imei_number": "351680500132497", "unit_price": 18571.0, "purchase_transaction": 26}}, {"model": "transaction.purchase", "pk": 94, "fields": {"phone": 45, "imei_number": "351680500163260", "unit_price": 18571.0, "purchase_transaction": 26}}, {"model": "transaction.purchase", "pk": 95, "fields": {"phone": 46, "imei_number": "354996630914746", "unit_price": 17142.0, "purchase_transaction": 27}}, {"model": "transaction.purchase", "pk": 96, "fields": {"phone": 46, "imei_number": "354996631650125", "unit_price": 17142.0, "purchase_transaction": 27}}, {"model": "transaction.purchase", "pk": 97, "fields": {"phone": 46, "imei_number": "354996631534428", "unit_price": 17142.0, "purchase_transaction": 27}}, {"model": "transaction.purchase", "pk": 98, "fields": {"phone": 47, "imei_number": "350835037005787", "unit_price": 14285.0, "purchase_transaction": 28}}, {"model": "transaction.purchase", "pk": 99, "fields": {"phone": 47, "imei_number": "350835037009276", "unit_price": 14285.0, "purchase_transaction": 28}}, {"model": "transaction.purchase", "pk": 100, "fields": {"phone": 47, "imei_number": "350835036999055", "unit_price": 14285.0, "purchase_transaction": 28}}, {"model": "transaction.purchase", "pk": 101, "fields": {"phone": 48, "imei_number": "352989672869714", "unit_price": 14285.0, "purchase_transaction": 29}}, {"model": "transaction.purchase", "pk": 102, "fields": {"phone": 48, "imei_number": "352989672870829", "unit_price": 14285.0, "purchase_transaction": 29}}, {"model": "transaction.purchase", "pk": 103, "fields": {"phone": 35, "imei_number": "350722242448392", "unit_price": 49523.0, "purchase_transaction": 30}}, {"model": "transaction.purchase", "pk": 104, "fields": {"phone": 42, "imei_number": "350814492326749", "unit_price": 24761.0, "purchase_transaction": 31}}, {"model": "transaction.purchase", "pk": 105, "fields": {"phone": 42, "imei_number": "350814493381826", "unit_price": 24761.0, "purchase_transaction": 31}}, {"model": "transaction.purchase", "pk": 106, "fields": {"phone": 42, "imei_number": "350814492687033", "unit_price": 24761.0, "purchase_transaction": 31}}, {"model": "transaction.purchase", "pk": 107, "fields": {"phone": 36, "imei_number": "351766318529681", "unit_price": 26666.0, "purchase_transaction": 31}}, {"model": "transaction.purchase", "pk": 108, "fields": {"phone": 36, "imei_number": "351766318531515", "unit_price": 26666.0, "purchase_transaction": 31}}, {"model": "transaction.purchase", "pk": 109, "fields": {"phone": 36, "imei_number": "351766318517167", "unit_price": 26666.0, "purchase_transaction": 31}}, {"model": "transaction.purchase", "pk": 110, "fields": {"phone": 36, "imei_number": "351766318518777", "unit_price": 26666.0, "purchase_transaction": 31}}, {"model": "transaction.purchase", "pk": 111, "fields": {"phone": 37, "imei_number": "351766317291525", "unit_price": 28571.0, "purchase_transaction": 32}}, {"model": "transaction.purchase", "pk": 112, "fields": {"phone": 37, "imei_number": "351766317685049", "unit_price": 28571.0, "purchase_transaction": 32}}, {"model": "transaction.purchase", "pk": 113, "fields": {"phone": 37, "imei_number": "351766317290139", "unit_price": 28571.0, "purchase_transaction": 32}}, {"model": "transaction.purchase", "pk": 114, "fields": {"phone": 37, "imei_number": "351766317684299", "unit_price": 28571.0, "purchase_transaction": 32}}, {"model": "transaction.purchase", "pk": 115, "fields": {"phone": 34, "imei_number": "350115575474756", "unit_price": 44761.0, "purchase_transaction": 33}}, {"model": "transaction.purchase", "pk": 116, "fields": {"phone": 34, "imei_number": "350115575475043", "unit_price": 44761.0, "purchase_transaction": 33}}, {"model": "transaction.purchase", "pk": 117, "fields": {"phone": 45, "imei_number": "351680500159151", "unit_price": 18571.0, "purchase_transaction": 34}}, {"model": "transaction.purchase", "pk": 118, "fields": {"phone": 45, "imei_number": "351680500123041", "unit_price": 18571.0, "purchase_transaction": 34}}, {"model": "transaction.purchase", "pk": 119, "fields": {"phone": 45, "imei_number": "351680500106327", "unit_price": 18571.0, "purchase_transaction": 34}}, {"model": "transaction.purchase", "pk": 120, "fields": {"phone": 49, "imei_number": "355566790312111", "unit_price": 225961.0, "purchase_transaction": 35}}, {"model": "transaction.purchase", "pk": 121, "fields": {"phone": 50, "imei_number": "860154060384272", "unit_price": 18095.0, "purchase_transaction": 36}}, {"model": "transaction.purchase", "pk": 122, "fields": {"phone": 50, "imei_number": "860154060811753", "unit_price": 18095.0, "purchase_transaction": 36}}, {"model": "transaction.purchase", "pk": 123, "fields": {"phone": 51, "imei_number": "860380068671218", "unit_price": 35238.0, "purchase_transaction": 37}}, {"model": "transaction.purchase", "pk": 124, "fields": {"phone": 51, "imei_number": "860380068817399", "unit_price": 35238.0, "purchase_transaction": 37}}, {"model": "transaction.purchase", "pk": 125, "fields": {"phone": 51, "imei_number": "860380069181654", "unit_price": 35238.0, "purchase_transaction": 37}}, {"model": "transaction.purchase", "pk": 126, "fields": {"phone": 52, "imei_number": "861772063801916", "unit_price": 32952.0, "purchase_transaction": 38}}, {"model": "transaction.purchase", "pk": 127, "fields": {"phone": 53, "imei_number": "351740830235947", "unit_price": 31700.0, "purchase_transaction": 39}}, {"model": "transaction.purchase", "pk": 128, "fields": {"phone": 54, "imei_number": "356657423246013", "unit_price": 46000.0, "purchase_transaction": 40}}, {"model": "transaction.purchase", "pk": 129, "fields": {"phone": 55, "imei_number": "356657423989182", "unit_price": 53000.0, "purchase_transaction": 41}}, {"model": "transaction.purchase", "pk": 130, "fields": {"phone": 56, "imei_number": "351740831024381", "unit_price": 36300.0, "purchase_transaction": 42}}, {"model": "transaction.purchase", "pk": 131, "fields": {"phone": 57, "imei_number": "861482067598605", "unit_price": 95238.0, "purchase_transaction": 43}}, {"model": "transaction.purchase", "pk": 132, "fields": {"phone": 58, "imei_number": "861520071807361", "unit_price": 50476.0, "purchase_transaction": 44}}, {"model": "transaction.purchase", "pk": 133, "fields": {"phone": 59, "imei_number": "860834070005864", "unit_price": 34285.0, "purchase_transaction": 45}}, {"model": "transaction.purchase", "pk": 134, "fields": {"phone": 60, "imei_number": "860688071652581", "unit_price": 31428.0, "purchase_transaction": 46}}, {"model": "transaction.purchase", "pk": 135, "fields": {"phone": 60, "imei_number": "860688071954227", "unit_price": 31428.0, "purchase_transaction": 46}}, {"model": "transaction.purchase", "pk": 142, "fields": {"phone": 62, "imei_number": "861675075852985", "unit_price": 26666.0, "purchase_transaction": 49}}, {"model": "transaction.purchase", "pk": 143, "fields": {"phone": 62, "imei_number": "868886070947505", "unit_price": 26666.0, "purchase_transaction": 49}}, {"model": "transaction.purchase", "pk": 144, "fields": {"phone": 63, "imei_number": "861324077843425", "unit_price": 18095.0, "purchase_transaction": 50}}, {"model": "transaction.purchase", "pk": 145, "fields": {"phone": 63, "imei_number": "862109072889740", "unit_price": 18095.0, "purchase_transaction": 50}}, {"model": "transaction.purchase", "pk": 146, "fields": {"phone": 63, "imei_number": "862109072888064", "unit_price": 18095.0, "purchase_transaction": 50}}, {"model": "transaction.purchase", "pk": 147, "fields": {"phone": 64, "imei_number": "861324076042763", "unit_price": 20952.0, "purchase_transaction": 51}}, {"model": "transaction.purchase", "pk": 148, "fields": {"phone": 64, "imei_number": "861324074741507", "unit_price": 20952.0, "purchase_transaction": 51}}, {"model": "transaction.purchase", "pk": 149, "fields": {"phone": 64, "imei_number": "861324074371685", "unit_price": 20952.0, "purchase_transaction": 51}}, {"model": "transaction.purchase", "pk": 150, "fields": {"phone": 65, "imei_number": "861798071524208", "unit_price": 15238.0, "purchase_transaction": 52}}, {"model": "transaction.purchase", "pk": 151, "fields": {"phone": 65, "imei_number": "863938076620225", "unit_price": 15238.0, "purchase_transaction": 52}}, {"model": "transaction.purchase", "pk": 152, "fields": {"phone": 65, "imei_number": "863938076629622", "unit_price": 15238.0, "purchase_transaction": 52}}, {"model": "transaction.purchase", "pk": 157, "fields": {"phone": 66, "imei_number": "868996072018922", "unit_price": 11428.0, "purchase_transaction": 55}}, {"model": "transaction.purchase", "pk": 158, "fields": {"phone": 67, "imei_number": "863938073696343", "unit_price": 13333.0, "purchase_transaction": 56}}, {"model": "transaction.purchase", "pk": 159, "fields": {"phone": 67, "imei_number": "860348070647567", "unit_price": 13333.0, "purchase_transaction": 56}}, {"model": "transaction.purchase", "pk": 160, "fields": {"phone": 67, "imei_number": "860348078789502", "unit_price": 13333.0, "purchase_transaction": 56}}, {"model": "transaction.purchase", "pk": 161, "fields": {"phone": 68, "imei_number": "864399076366542", "unit_price": 18095.0, "purchase_transaction": 57}}, {"model": "transaction.purchase", "pk": 162, "fields": {"phone": 68, "imei_number": "864904071218844", "unit_price": 18095.0, "purchase_transaction": 57}}, {"model": "transaction.purchase", "pk": 163, "fields": {"phone": 69, "imei_number": "352064297071508", "unit_price": 16190.0, "purchase_transaction": 58}}, {"model": "transaction.purchase", "pk": 164, "fields": {"phone": 69, "imei_number": "352064298145582", "unit_price": 16190.0, "purchase_transaction": 58}}, {"model": "transaction.purchase", "pk": 165, "fields": {"phone": 69, "imei_number": "352064298881962", "unit_price": 16190.0, "purchase_transaction": 58}}, {"model": "transaction.purchase", "pk": 166, "fields": {"phone": 70, "imei_number": "352064295614366", "unit_price": 10000.0, "purchase_transaction": 59}}, {"model": "transaction.purchase", "pk": 167, "fields": {"phone": 71, "imei_number": "352635683488446", "unit_price": 16666.0, "purchase_transaction": 60}}, {"model": "transaction.purchase", "pk": 168, "fields": {"phone": 71, "imei_number": "352635682674244", "unit_price": 16666.0, "purchase_transaction": 60}}, {"model": "transaction.purchase", "pk": 169, "fields": {"phone": 72, "imei_number": "355392970806909", "unit_price": 19047.0, "purchase_transaction": 61}}, {"model": "transaction.purchase", "pk": 170, "fields": {"phone": 73, "imei_number": "358478622021240", "unit_price": 12857.0, "purchase_transaction": 62}}, {"model": "transaction.purchase", "pk": 171, "fields": {"phone": 74, "imei_number": "353022851410560", "unit_price": 12380.0, "purchase_transaction": 63}}, {"model": "transaction.purchase", "pk": 172, "fields": {"phone": 74, "imei_number": "353022851441920", "unit_price": 12380.0, "purchase_transaction": 64}}, {"model": "transaction.purchase", "pk": 173, "fields": {"phone": 66, "imei_number": "868996071168447", "unit_price": 11428.0, "purchase_transaction": 65}}, {"model": "transaction.purchase", "pk": 174, "fields": {"phone": 66, "imei_number": "867504071391182", "unit_price": 11428.0, "purchase_transaction": 65}}, {"model": "transaction.purchase", "pk": 175, "fields": {"phone": 61, "imei_number": "869542064174627", "unit_price": 22857.0, "purchase_transaction": 66}}, {"model": "transaction.purchase", "pk": 176, "fields": {"phone": 61, "imei_number": "869365073395847", "unit_price": 22857.0, "purchase_transaction": 66}}, {"model": "transaction.purchase", "pk": 177, "fields": {"phone": 61, "imei_number": "860818070012020", "unit_price": 22857.0, "purchase_transaction": 66}}, {"model": "transaction.purchase", "pk": 178, "fields": {"phone": 74, "imei_number": "353022850238384", "unit_price": 12206.0, "purchase_transaction": 67}}, {"model": "transaction.purchase", "pk": 179, "fields": {"phone": 74, "imei_number": "353022850320349", "unit_price": 12206.0, "purchase_transaction": 67}}, {"model": "transaction.purchase", "pk": 180, "fields": {"phone": 74, "imei_number": "353022850813368", "unit_price": 12206.0, "purchase_transaction": 67}}, {"model": "transaction.purchase", "pk": 182, "fields": {"phone": 6, "imei_number": "865950076043074", "unit_price": 21904.0, "purchase_transaction": 69}}, {"model": "transaction.purchase", "pk": 184, "fields": {"phone": 6, "imei_number": "865950076068493", "unit_price": 21904.0, "purchase_transaction": 69}}, {"model": "transaction.purchase", "pk": 185, "fields": {"phone": 6, "imei_number": "865950075963991", "unit_price": 21904.0, "purchase_transaction": 69}}, {"model": "transaction.purchase", "pk": 186, "fields": {"phone": 7, "imei_number": "865950076532498", "unit_price": 26666.0, "purchase_transaction": 69}}, {"model": "transaction.purchase", "pk": 187, "fields": {"phone": 7, "imei_number": "865950076535137", "unit_price": 26666.0, "purchase_transaction": 69}}, {"model": "transaction.purchase", "pk": 188, "fields": {"phone": 2, "imei_number": "869029071196678", "unit_price": 62857.0, "purchase_transaction": 69}}, {"model": "transaction.purchase", "pk": 189, "fields": {"phone": 75, "imei_number": "353578852384740", "unit_price": 192000.0, "purchase_transaction": 70}}, {"model": "transaction.purchase", "pk": 191, "fields": {"phone": 58, "imei_number": "867302071042586", "unit_price": 50000.0, "purchase_transaction": 72}}, {"model": "transaction.purchase", "pk": 192, "fields": {"phone": 58, "imei_number": "861520071537182", "unit_price": 47000.0, "purchase_transaction": 73}}, {"model": "transaction.purchase", "pk": 193, "fields": {"phone": 76, "imei_number": "861520073416765", "unit_price": 42857.0, "purchase_transaction": 73}}, {"model": "transaction.purchase", "pk": 194, "fields": {"phone": 29, "imei_number": "356163310524315", "unit_price": 137280.0, "purchase_transaction": 74}}, {"model": "transaction.purchase", "pk": 195, "fields": {"phone": 77, "imei_number": "356899450573428", "unit_price": 19950.0, "purchase_transaction": 74}}, {"model": "transaction.purchase", "pk": 196, "fields": {"phone": 77, "imei_number": "356899450573550", "unit_price": 19950.0, "purchase_transaction": 74}}, {"model": "transaction.purchase", "pk": 197, "fields": {"phone": 77, "imei_number": "356899450566273", "unit_price": 19950.0, "purchase_transaction": 74}}, {"model": "transaction.purchase", "pk": 198, "fields": {"phone": 38, "imei_number": "358311602977273", "unit_price": 32300.0, "purchase_transaction": 74}}, {"model": "transaction.purchase", "pk": 199, "fields": {"phone": 38, "imei_number": "358311602985458", "unit_price": 32300.0, "purchase_transaction": 74}}, {"model": "transaction.purchase", "pk": 200, "fields": {"phone": 38, "imei_number": "358311602993395", "unit_price": 32300.0, "purchase_transaction": 74}}, {"model": "transaction.purchase", "pk": 201, "fields": {"phone": 38, "imei_number": "358311602993262", "unit_price": 32300.0, "purchase_transaction": 74}}, {"model": "transaction.purchase", "pk": 202, "fields": {"phone": 38, "imei_number": "358311602986456", "unit_price": 32300.0, "purchase_transaction": 74}}, {"model": "transaction.purchase", "pk": 203, "fields": {"phone": 39, "imei_number": "354027550346063", "unit_price": 51300.0, "purchase_transaction": 74}}, {"model": "transaction.purchase", "pk": 204, "fields": {"phone": 19, "imei_number": "869383077021483", "unit_price": 12857.0, "purchase_transaction": 75}}, {"model": "transaction.purchase", "pk": 205, "fields": {"phone": 19, "imei_number": "869383077022887", "unit_price": 12857.0, "purchase_transaction": 75}}, {"model": "transaction.purchase", "pk": 206, "fields": {"phone": 19, "imei_number": "869383077022028", "unit_price": 12857.0, "purchase_transaction": 75}}, {"model": "transaction.purchase", "pk": 207, "fields": {"phone": 19, "imei_number": "869383076756584", "unit_price": 12857.0, "purchase_transaction": 75}}, {"model": "transaction.purchase", "pk": 208, "fields": {"phone": 8, "imei_number": "866654067361771", "unit_price": 17000.0, "purchase_transaction": 76}}, {"model": "transaction.purchase", "pk": 209, "fields": {"phone": 8, "imei_number": "863017069167195", "unit_price": 17000.0, "purchase_transaction": 77}}, {"model": "transaction.purchase", "pk": 210, "fields": {"phone": 72, "imei_number": "355392972543146", "unit_price": 20000.0, "purchase_transaction": 78}}, {"model": "transaction.purchase", "pk": 211, "fields": {"phone": 82, "imei_number": "355392979105725", "unit_price": 15000.0, "purchase_transaction": 78}}, {"model": "transaction.purchase", "pk": 212, "fields": {"phone": 82, "imei_number": "355392979104561", "unit_price": 15000.0, "purchase_transaction": 78}}, {"model": "transaction.purchase", "pk": 213, "fields": {"phone": 83, "imei_number": "353252579146705", "unit_price": 15000.0, "purchase_transaction": 78}}, {"model": "transaction.purchase", "pk": 214, "fields": {"phone": 83, "imei_number": "353252579034968", "unit_price": 11500.0, "purchase_transaction": 79}}, {"model": "transaction.purchase", "pk": 215, "fields": {"phone": 73, "imei_number": "356713853930129", "unit_price": 11500.0, "purchase_transaction": 80}}, {"model": "transaction.purchase", "pk": 216, "fields": {"phone": 73, "imei_number": "356713853729620", "unit_price": 11500.0, "purchase_transaction": 80}}, {"model": "transaction.purchase", "pk": 217, "fields": {"phone": 42, "imei_number": "350814493306617", "unit_price": 26000.0, "purchase_transaction": 81}}, {"model": "transaction.purchase", "pk": 218, "fields": {"phone": 42, "imei_number": "350814492325964", "unit_price": 26000.0, "purchase_transaction": 81}}, {"model": "transaction.purchase", "pk": 219, "fields": {"phone": 77, "imei_number": "356899450581587", "unit_price": 21000.0, "purchase_transaction": 81}}, {"model": "transaction.purchase", "pk": 220, "fields": {"phone": 77, "imei_number": "356899450580373", "unit_price": 21000.0, "purchase_transaction": 81}}, {"model": "transaction.purchase", "pk": 221, "fields": {"phone": 77, "imei_number": "356899450565648", "unit_price": 21000.0, "purchase_transaction": 81}}, {"model": "transaction.purchase", "pk": 222, "fields": {"phone": 77, "imei_number": "356899450565614", "unit_price": 21000.0, "purchase_transaction": 81}}, {"model": "transaction.purchase", "pk": 223, "fields": {"phone": 77, "imei_number": "356899450569194", "unit_price": 21000.0, "purchase_transaction": 81}}, {"model": "transaction.purchase", "pk": 224, "fields": {"phone": 32, "imei_number": "352053269653674", "unit_price": 68000.0, "purchase_transaction": 82}}, {"model": "transaction.purchase", "pk": 225, "fields": {"phone": 32, "imei_number": "352053269653161", "unit_price": 68000.0, "purchase_transaction": 82}}, {"model": "transaction.purchase", "pk": 226, "fields": {"phone": 32, "imei_number": "352053269659291", "unit_price": 68000.0, "purchase_transaction": 82}}, {"model": "transaction.purchase", "pk": 227, "fields": {"phone": 32, "imei_number": "352053269656875", "unit_price": 68000.0, "purchase_transaction": 82}}, {"model": "transaction.purchase", "pk": 228, "fields": {"phone": 31, "imei_number": "352053269651371", "unit_price": 68000.0, "purchase_transaction": 82}}, {"model": "transaction.purchase", "pk": 229, "fields": {"phone": 31, "imei_number": "352053269651199", "unit_price": 68000.0, "purchase_transaction": 83}}, {"model": "transaction.purchase", "pk": 230, "fields": {"phone": 36, "imei_number": "351766318518991", "unit_price": 28000.0, "purchase_transaction": 84}}, {"model": "transaction.purchase", "pk": 231, "fields": {"phone": 36, "imei_number": "351766318523413", "unit_price": 28000.0, "purchase_transaction": 84}}, {"model": "transaction.purchase", "pk": 232, "fields": {"phone": 36, "imei_number": "351766318031268", "unit_price": 28000.0, "purchase_transaction": 84}}, {"model": "transaction.purchase", "pk": 233, "fields": {"phone": 34, "imei_number": "350115575439858", "unit_price": 47000.0, "purchase_transaction": 85}}, {"model": "transaction.purchase", "pk": 234, "fields": {"phone": 34, "imei_number": "350115575439528", "unit_price": 47000.0, "purchase_transaction": 85}}, {"model": "transaction.purchase", "pk": 236, "fields": {"phone": 35, "imei_number": "350722243855116", "unit_price": 52000.0, "purchase_transaction": 86}}, {"model": "transaction.purchase", "pk": 237, "fields": {"phone": 35, "imei_number": "350722243855942", "unit_price": 52000.0, "purchase_transaction": 86}}, {"model": "transaction.purchase", "pk": 238, "fields": {"phone": 35, "imei_number": "350722243445496", "unit_price": 52000.0, "purchase_transaction": 87}}, {"model": "transaction.purchase", "pk": 239, "fields": {"phone": 38, "imei_number": "358311602993775", "unit_price": 34000.0, "purchase_transaction": 88}}, {"model": "transaction.purchase", "pk": 240, "fields": {"phone": 38, "imei_number": "358311602977299", "unit_price": 34000.0, "purchase_transaction": 88}}, {"model": "transaction.purchase", "pk": 241, "fields": {"phone": 38, "imei_number": "358311602995069", "unit_price": 34000.0, "purchase_transaction": 88}}, {"model": "transaction.purchase", "pk": 242, "fields": {"phone": 44, "imei_number": "351247890277918", "unit_price": 17500.0, "purchase_transaction": 88}}, {"model": "transaction.purchase", "pk": 243, "fields": {"phone": 44, "imei_number": "351247890267174", "unit_price": 17500.0, "purchase_transaction": 88}}, {"model": "transaction.purchase", "pk": 244, "fields": {"phone": 45, "imei_number": "351680500188325", "unit_price": 19500.0, "purchase_transaction": 88}}, {"model": "transaction.purchase", "pk": 245, "fields": {"phone": 45, "imei_number": "351680500110725", "unit_price": 19500.0, "purchase_transaction": 88}}, {"model": "transaction.purchase", "pk": 246, "fields": {"phone": 43, "imei_number": "350284941182293", "unit_price": 15500.0, "purchase_transaction": 88}}, {"model": "transaction.purchase", "pk": 247, "fields": {"phone": 43, "imei_number": "350284941058451", "unit_price": 15500.0, "purchase_transaction": 88}}, {"model": "transaction.purchase", "pk": 248, "fields": {"phone": 84, "imei_number": "866986073845177", "unit_price": 14500.0, "purchase_transaction": 89}}, {"model": "transaction.purchase", "pk": 249, "fields": {"phone": 84, "imei_number": "866986077199878", "unit_price": 14500.0, "purchase_transaction": 89}}, {"model": "transaction.purchase", "pk": 250, "fields": {"phone": 84, "imei_number": "866986073836234", "unit_price": 14500.0, "purchase_transaction": 89}}, {"model": "transaction.purchase", "pk": 251, "fields": {"phone": 84, "imei_number": "866986077200437", "unit_price": 14500.0, "purchase_transaction": 89}}, {"model": "transaction.purchase", "pk": 252, "fields": {"phone": 85, "imei_number": "863929079168270", "unit_price": 18000.0, "purchase_transaction": 90}}, {"model": "transaction.purchase", "pk": 253, "fields": {"phone": 85, "imei_number": "863929079150674", "unit_price": 18000.0, "purchase_transaction": 90}}, {"model": "transaction.purchase", "pk": 254, "fields": {"phone": 85, "imei_number": "863929079901035", "unit_price": 18000.0, "purchase_transaction": 90}}, {"model": "transaction.purchase", "pk": 255, "fields": {"phone": 85, "imei_number": "863929079900870", "unit_price": 18000.0, "purchase_transaction": 90}}, {"model": "transaction.purchase", "pk": 256, "fields": {"phone": 6, "imei_number": "865950075973396", "unit_price": 23000.0, "purchase_transaction": 91}}, {"model": "transaction.purchase", "pk": 257, "fields": {"phone": 6, "imei_number": "865950076055656", "unit_price": 23000.0, "purchase_transaction": 91}}, {"model": "transaction.purchase", "pk": 258, "fields": {"phone": 6, "imei_number": "865950075941716", "unit_price": 23000.0, "purchase_transaction": 91}}, {"model": "transaction.purchase", "pk": 259, "fields": {"phone": 6, "imei_number": "865950076053818", "unit_price": 23000.0, "purchase_transaction": 91}}, {"model": "transaction.purchase", "pk": 260, "fields": {"phone": 6, "imei_number": "865950076062116", "unit_price": 23000.0, "purchase_transaction": 91}}, {"model": "transaction.purchase", "pk": 261, "fields": {"phone": 7, "imei_number": "865950076485333", "unit_price": 28000.0, "purchase_transaction": 92}}, {"model": "transaction.purchase", "pk": 262, "fields": {"phone": 31, "imei_number": "352053269658384", "unit_price": 63000.0, "purchase_transaction": 93}}, {"model": "transaction.purchase", "pk": 263, "fields": {"phone": 31, "imei_number": "352053269817360", "unit_price": 63000.0, "purchase_transaction": 93}}, {"model": "transaction.purchase", "pk": 264, "fields": {"phone": 31, "imei_number": "352053269651702", "unit_price": 63000.0, "purchase_transaction": 93}}, {"model": "transaction.purchase", "pk": 265, "fields": {"phone": 31, "imei_number": "352053269651348", "unit_price": 63000.0, "purchase_transaction": 93}}, {"model": "transaction.purchase", "pk": 266, "fields": {"phone": 31, "imei_number": "352053269655877", "unit_price": 63000.0, "purchase_transaction": 93}}, {"model": "transaction.purchase", "pk": 267, "fields": {"phone": 32, "imei_number": "352485220191107", "unit_price": 63000.0, "purchase_transaction": 94}}, {"model": "transaction.purchase", "pk": 268, "fields": {"phone": 32, "imei_number": "352053269957745", "unit_price": 68000.0, "purchase_transaction": 95}}, {"model": "transaction.purchase", "pk": 269, "fields": {"phone": 32, "imei_number": "352053269930197", "unit_price": 68000.0, "purchase_transaction": 96}}, {"model": "transaction.purchase", "pk": 270, "fields": {"phone": 32, "imei_number": "352485220067570", "unit_price": 68000.0, "purchase_transaction": 97}}, {"model": "transaction.purchase", "pk": 271, "fields": {"phone": 37, "imei_number": "351766318526259", "unit_price": 30000.0, "purchase_transaction": 98}}, {"model": "transaction.purchase", "pk": 272, "fields": {"phone": 37, "imei_number": "351766318534691", "unit_price": 30000.0, "purchase_transaction": 99}}, {"model": "transaction.purchase", "pk": 273, "fields": {"phone": 37, "imei_number": "351766318532687", "unit_price": 30000.0, "purchase_transaction": 99}}, {"model": "transaction.purchase", "pk": 274, "fields": {"phone": 37, "imei_number": "351766318269918", "unit_price": 30000.0, "purchase_transaction": 99}}, {"model": "transaction.purchase", "pk": 275, "fields": {"phone": 37, "imei_number": "351766318266302", "unit_price": 30000.0, "purchase_transaction": 99}}, {"model": "transaction.purchase", "pk": 276, "fields": {"phone": 32, "imei_number": "352053269656701", "unit_price": 68000.0, "purchase_transaction": 100}}, {"model": "transaction.purchase", "pk": 277, "fields": {"phone": 35, "imei_number": "350722243849903", "unit_price": 52000.0, "purchase_transaction": 101}}, {"model": "transaction.purchase", "pk": 278, "fields": {"phone": 35, "imei_number": "350722243854689", "unit_price": 52000.0, "purchase_transaction": 101}}, {"model": "transaction.purchase", "pk": 279, "fields": {"phone": 40, "imei_number": "358308820236565", "unit_price": 45000.0, "purchase_transaction": 101}}, {"model": "transaction.purchase", "pk": 280, "fields": {"phone": 77, "imei_number": "356899450569327", "unit_price": 21000.0, "purchase_transaction": 102}}, {"model": "transaction.purchase", "pk": 281, "fields": {"phone": 77, "imei_number": "356899450577395", "unit_price": 21000.0, "purchase_transaction": 103}}, {"model": "transaction.purchase", "pk": 282, "fields": {"phone": 36, "imei_number": "351766318517050", "unit_price": 28000.0, "purchase_transaction": 103}}, {"model": "transaction.purchase", "pk": 283, "fields": {"phone": 36, "imei_number": "351766318531655", "unit_price": 28000.0, "purchase_transaction": 103}}, {"model": "transaction.purchase", "pk": 284, "fields": {"phone": 36, "imei_number": "351766318530392", "unit_price": 28000.0, "purchase_transaction": 103}}, {"model": "transaction.purchase", "pk": 285, "fields": {"phone": 34, "imei_number": "350115575889813", "unit_price": 47000.0, "purchase_transaction": 103}}, {"model": "transaction.purchase", "pk": 286, "fields": {"phone": 34, "imei_number": "350115575890332", "unit_price": 47000.0, "purchase_transaction": 103}}, {"model": "transaction.purchase", "pk": 287, "fields": {"phone": 34, "imei_number": "350115575890936", "unit_price": 47000.0, "purchase_transaction": 103}}, {"model": "transaction.purchase", "pk": 288, "fields": {"phone": 86, "imei_number": "868850076221604", "unit_price": 14000.0, "purchase_transaction": 104}}, {"model": "transaction.purchase", "pk": 289, "fields": {"phone": 86, "imei_number": "868850076221687", "unit_price": 14000.0, "purchase_transaction": 104}}, {"model": "transaction.purchase", "pk": 290, "fields": {"phone": 87, "imei_number": "864965079150628", "unit_price": 16000.0, "purchase_transaction": 105}}, {"model": "transaction.purchase", "pk": 291, "fields": {"phone": 87, "imei_number": "864965079114707", "unit_price": 16000.0, "purchase_transaction": 105}}, {"model": "transaction.purchase", "pk": 292, "fields": {"phone": 88, "imei_number": "865642077714809", "unit_price": 19000.0, "purchase_transaction": 106}}, {"model": "transaction.purchase", "pk": 293, "fields": {"phone": 88, "imei_number": "865642078312249", "unit_price": 19000.0, "purchase_transaction": 106}}, {"model": "transaction.purchase", "pk": 294, "fields": {"phone": 76, "imei_number": "861520076462287", "unit_price": 45000.0, "purchase_transaction": 107}}, {"model": "transaction.purchase", "pk": 295, "fields": {"phone": 65, "imei_number": "860348071238267", "unit_price": 16000.0, "purchase_transaction": 108}}, {"model": "transaction.purchase", "pk": 296, "fields": {"phone": 43, "imei_number": "350284941059004", "unit_price": 14570.22, "purchase_transaction": 109}}, {"model": "transaction.purchase", "pk": 297, "fields": {"phone": 43, "imei_number": "350284940917442", "unit_price": 14570.22, "purchase_transaction": 109}}, {"model": "transaction.purchase", "pk": 298, "fields": {"phone": 43, "imei_number": "350284941267268", "unit_price": 14570.22, "purchase_transaction": 109}}, {"model": "transaction.purchase", "pk": 299, "fields": {"phone": 43, "imei_number": "350284941059020", "unit_price": 14570.22, "purchase_transaction": 109}}, {"model": "transaction.purchase", "pk": 300, "fields": {"phone": 43, "imei_number": "350284941185064", "unit_price": 14570.22, "purchase_transaction": 109}}, {"model": "transaction.purchase", "pk": 301, "fields": {"phone": 34, "imei_number": "350115575890498", "unit_price": 44650.82, "purchase_transaction": 109}}, {"model": "transaction.purchase", "pk": 302, "fields": {"phone": 34, "imei_number": "350115575891017", "unit_price": 44650.82, "purchase_transaction": 109}}, {"model": "transaction.purchase", "pk": 303, "fields": {"phone": 38, "imei_number": "358311603005629", "unit_price": 32301.05, "purchase_transaction": 109}}, {"model": "transaction.purchase", "pk": 304, "fields": {"phone": 38, "imei_number": "358311603006668", "unit_price": 32301.05, "purchase_transaction": 109}}, {"model": "transaction.purchase", "pk": 305, "fields": {"phone": 38, "imei_number": "358311603004655", "unit_price": 32301.05, "purchase_transaction": 109}}, {"model": "transaction.purchase", "pk": 306, "fields": {"phone": 29, "imei_number": "356163310643891", "unit_price": 137280.31, "purchase_transaction": 110}}, {"model": "transaction.purchase", "pk": 307, "fields": {"phone": 27, "imei_number": "352722661989338", "unit_price": 177600.0, "purchase_transaction": 111}}, {"model": "transaction.purchase", "pk": 308, "fields": {"phone": 39, "imei_number": "354027550342807", "unit_price": 50433.03, "purchase_transaction": 112}}, {"model": "transaction.purchase", "pk": 309, "fields": {"phone": 2, "imei_number": "869029071233190", "unit_price": 62856.25, "purchase_transaction": 113}}, {"model": "transaction.purchase", "pk": 310, "fields": {"phone": 84, "imei_number": "866986077198953", "unit_price": 13808.6, "purchase_transaction": 114}}, {"model": "transaction.purchase", "pk": 311, "fields": {"phone": 84, "imei_number": "866986077716556", "unit_price": 13808.6, "purchase_transaction": 114}}, {"model": "transaction.purchase", "pk": 312, "fields": {"phone": 85, "imei_number": "863929079142796", "unit_price": 17142.1, "purchase_transaction": 114}}, {"model": "transaction.purchase", "pk": 313, "fields": {"phone": 85, "imei_number": "863929079771032", "unit_price": 17142.1, "purchase_transaction": 114}}, {"model": "transaction.purchase", "pk": 314, "fields": {"phone": 85, "imei_number": "863929079123556", "unit_price": 17142.1, "purchase_transaction": 114}}, {"model": "transaction.purchase", "pk": 315, "fields": {"phone": 84, "imei_number": "866986077199738", "unit_price": 13808.6, "purchase_transaction": 114}}, {"model": "transaction.purchase", "pk": 316, "fields": {"phone": 89, "imei_number": "865493066050718", "unit_price": 29000.0, "purchase_transaction": 115}}, {"model": "transaction.purchase", "pk": 317, "fields": {"phone": 90, "imei_number": "860605066189932", "unit_price": 32000.0, "purchase_transaction": 115}}, {"model": "transaction.purchase", "pk": 318, "fields": {"phone": 90, "imei_number": "860605066058632", "unit_price": 32000.0, "purchase_transaction": 115}}, {"model": "transaction.purchase", "pk": 319, "fields": {"phone": 90, "imei_number": "860605066188595", "unit_price": 32000.0, "purchase_transaction": 115}}, {"model": "transaction.purchase", "pk": 320, "fields": {"phone": 91, "imei_number": "864720067014777", "unit_price": 40999.99, "purchase_transaction": 115}}, {"model": "transaction.purchase", "pk": 321, "fields": {"phone": 91, "imei_number": "864720064430570", "unit_price": 40999.99, "purchase_transaction": 115}}, {"model": "transaction.purchase", "pk": 322, "fields": {"phone": 91, "imei_number": "864720067011252", "unit_price": 40999.99, "purchase_transaction": 115}}, {"model": "transaction.purchase", "pk": 323, "fields": {"phone": 27, "imei_number": "352722661978778", "unit_price": 177600.0, "purchase_transaction": 116}}, {"model": "transaction.purchase", "pk": 324, "fields": {"phone": 75, "imei_number": "353578852424645", "unit_price": 192000.56, "purchase_transaction": 116}}, {"model": "transaction.purchase", "pk": 325, "fields": {"phone": 40, "imei_number": "358308820224777", "unit_price": 42750.16, "purchase_transaction": 116}}, {"model": "transaction.purchase", "pk": 326, "fields": {"phone": 40, "imei_number": "358308820105828", "unit_price": 42750.16, "purchase_transaction": 116}}, {"model": "transaction.purchase", "pk": 327, "fields": {"phone": 39, "imei_number": "354027550346840", "unit_price": 51300.87, "purchase_transaction": 116}}, {"model": "transaction.purchase", "pk": 328, "fields": {"phone": 92, "imei_number": "lllllllllllllll", "unit_price": 1130000.0, "purchase_transaction": 117}}, {"model": "transaction.purchase", "pk": 329, "fields": {"phone": 27, "imei_number": "352722661979305", "unit_price": 177600.97, "purchase_transaction": 118}}, {"model": "transaction.purchase", "pk": 330, "fields": {"phone": 93, "imei_number": "359159791403463", "unit_price": 13550.96, "purchase_transaction": 119}}, {"model": "transaction.purchase", "pk": 332, "fields": {"phone": 98, "imei_number": "359159791509707", "unit_price": 14952.16, "purchase_transaction": 119}}, {"model": "transaction.purchase", "pk": 333, "fields": {"phone": 100, "imei_number": "351044779498222", "unit_price": 11214.12, "purchase_transaction": 120}}, {"model": "transaction.purchase", "pk": 334, "fields": {"phone": 84, "imei_number": "866986075034952", "unit_price": 13808.6, "purchase_transaction": 121}}, {"model": "transaction.purchase", "pk": 335, "fields": {"phone": 84, "imei_number": "866986075054315", "unit_price": 13808.6, "purchase_transaction": 121}}, {"model": "transaction.purchase", "pk": 336, "fields": {"phone": 84, "imei_number": "866986075058134", "unit_price": 13808.6, "purchase_transaction": 121}}, {"model": "transaction.purchase", "pk": 337, "fields": {"phone": 85, "imei_number": "863929079146813", "unit_price": 17142.1, "purchase_transaction": 121}}, {"model": "transaction.purchase", "pk": 338, "fields": {"phone": 85, "imei_number": "863929079122038", "unit_price": 17119.5, "purchase_transaction": 121}}, {"model": "transaction.purchase", "pk": 339, "fields": {"phone": 100, "imei_number": "350850550294981", "unit_price": 11214.12, "purchase_transaction": 122}}, {"model": "transaction.purchase", "pk": 340, "fields": {"phone": 37, "imei_number": "351766319531084", "unit_price": 28500.86, "purchase_transaction": 123}}, {"model": "transaction.purchase", "pk": 341, "fields": {"phone": 37, "imei_number": "351766318521391", "unit_price": 28500.86, "purchase_transaction": 123}}, {"model": "transaction.purchase", "pk": 342, "fields": {"phone": 37, "imei_number": "351766319529500", "unit_price": 28500.86, "purchase_transaction": 123}}, {"model": "transaction.purchase", "pk": 343, "fields": {"phone": 37, "imei_number": "351766318520252", "unit_price": 28500.86, "purchase_transaction": 123}}, {"model": "transaction.purchase", "pk": 344, "fields": {"phone": 37, "imei_number": "351766319532280", "unit_price": 28500.86, "purchase_transaction": 123}}, {"model": "transaction.purchase", "pk": 345, "fields": {"phone": 84, "imei_number": "866986077708199", "unit_price": 13808.6, "purchase_transaction": 124}}, {"model": "transaction.purchase", "pk": 346, "fields": {"phone": 84, "imei_number": "866986077678855", "unit_price": 13808.6, "purchase_transaction": 124}}, {"model": "transaction.purchase", "pk": 347, "fields": {"phone": 84, "imei_number": "866986077706912", "unit_price": 13808.6, "purchase_transaction": 124}}, {"model": "transaction.purchase", "pk": 348, "fields": {"phone": 101, "imei_number": "860899070584812", "unit_price": 12857.14, "purchase_transaction": 125}}, {"model": "transaction.purchase", "pk": 349, "fields": {"phone": 101, "imei_number": "860899070581412", "unit_price": 12857.14, "purchase_transaction": 125}}, {"model": "transaction.purchase", "pk": 350, "fields": {"phone": 12, "imei_number": "860899070877158", "unit_price": 15713.78, "purchase_transaction": 126}}, {"model": "transaction.purchase", "pk": 351, "fields": {"phone": 12, "imei_number": "862145077013118", "unit_price": 15713.78, "purchase_transaction": 126}}, {"model": "transaction.purchase", "pk": 352, "fields": {"phone": 84, "imei_number": "866986077705310", "unit_price": 13808.6, "purchase_transaction": 127}}, {"model": "transaction.purchase", "pk": 353, "fields": {"phone": 84, "imei_number": "866986077704891", "unit_price": 13808.6, "purchase_transaction": 127}}, {"model": "transaction.purchase", "pk": 354, "fields": {"phone": 84, "imei_number": "866986075060171", "unit_price": 13808.6, "purchase_transaction": 127}}, {"model": "transaction.purchase", "pk": 355, "fields": {"phone": 84, "imei_number": "866986075054174", "unit_price": 13808.6, "purchase_transaction": 127}}, {"model": "transaction.purchase", "pk": 356, "fields": {"phone": 84, "imei_number": "866986077704495", "unit_price": 13808.6, "purchase_transaction": 127}}, {"model": "transaction.purchase", "pk": 357, "fields": {"phone": 85, "imei_number": "863929079138299", "unit_price": 17142.1, "purchase_transaction": 128}}, {"model": "transaction.purchase", "pk": 358, "fields": {"phone": 85, "imei_number": "863929079768830", "unit_price": 17142.1, "purchase_transaction": 128}}, {"model": "transaction.purchase", "pk": 359, "fields": {"phone": 85, "imei_number": "863929079762239", "unit_price": 17142.1, "purchase_transaction": 128}}, {"model": "transaction.purchase", "pk": 360, "fields": {"phone": 85, "imei_number": "863929079763732", "unit_price": 17142.1, "purchase_transaction": 128}}, {"model": "transaction.purchase", "pk": 361, "fields": {"phone": 85, "imei_number": "863929079143653", "unit_price": 17142.1, "purchase_transaction": 128}}, {"model": "transaction.purchase", "pk": 362, "fields": {"phone": 85, "imei_number": "863929079143810", "unit_price": 17142.1, "purchase_transaction": 128}}, {"model": "transaction.purchase", "pk": 363, "fields": {"phone": 85, "imei_number": "863929079143893", "unit_price": 17142.1, "purchase_transaction": 128}}, {"model": "transaction.purchase", "pk": 364, "fields": {"phone": 85, "imei_number": "863929079762932", "unit_price": 17142.1, "purchase_transaction": 128}}, {"model": "transaction.purchase", "pk": 365, "fields": {"phone": 56, "imei_number": "351740831024605", "unit_price": 34572.35, "purchase_transaction": 129}}, {"model": "transaction.purchase", "pk": 366, "fields": {"phone": 25, "imei_number": "350308470190847", "unit_price": 90249.71, "purchase_transaction": 130}}, {"model": "transaction.purchase", "pk": 367, "fields": {"phone": 25, "imei_number": "350308470200588", "unit_price": 90249.71, "purchase_transaction": 130}}, {"model": "transaction.purchase", "pk": 368, "fields": {"phone": 102, "imei_number": "352417945076057", "unit_price": 65549.04, "purchase_transaction": 131}}, {"model": "transaction.purchase", "pk": 369, "fields": {"phone": 37, "imei_number": "351766318519817", "unit_price": 28500.86, "purchase_transaction": 132}}, {"model": "transaction.purchase", "pk": 370, "fields": {"phone": 37, "imei_number": "351766318534980", "unit_price": 28500.86, "purchase_transaction": 132}}, {"model": "transaction.purchase", "pk": 371, "fields": {"phone": 37, "imei_number": "351766318528040", "unit_price": 28500.86, "purchase_transaction": 132}}, {"model": "transaction.purchase", "pk": 372, "fields": {"phone": 36, "imei_number": "351766318030955", "unit_price": 26600.2, "purchase_transaction": 133}}, {"model": "transaction.purchase", "pk": 373, "fields": {"phone": 36, "imei_number": "351766319519493", "unit_price": 26600.2, "purchase_transaction": 133}}, {"model": "transaction.purchase", "pk": 374, "fields": {"phone": 38, "imei_number": "358311602816042", "unit_price": 32301.05, "purchase_transaction": 134}}, {"model": "transaction.purchase", "pk": 375, "fields": {"phone": 38, "imei_number": "358311603005959", "unit_price": 32301.05, "purchase_transaction": 134}}, {"model": "transaction.purchase", "pk": 376, "fields": {"phone": 38, "imei_number": "358311603018044", "unit_price": 32301.05, "purchase_transaction": 134}}, {"model": "transaction.purchase", "pk": 377, "fields": {"phone": 38, "imei_number": "358311602815093", "unit_price": 32301.05, "purchase_transaction": 134}}, {"model": "transaction.purchase", "pk": 378, "fields": {"phone": 42, "imei_number": "350814493765903", "unit_price": 24700.67, "purchase_transaction": 135}}, {"model": "transaction.purchase", "pk": 379, "fields": {"phone": 42, "imei_number": "350814493758379", "unit_price": 24700.67, "purchase_transaction": 135}}, {"model": "transaction.purchase", "pk": 380, "fields": {"phone": 43, "imei_number": "350284941193282", "unit_price": 14570.22, "purchase_transaction": 136}}, {"model": "transaction.purchase", "pk": 381, "fields": {"phone": 43, "imei_number": "350284941215101", "unit_price": 14570.22, "purchase_transaction": 136}}, {"model": "transaction.purchase", "pk": 382, "fields": {"phone": 43, "imei_number": "350284941261261", "unit_price": 14570.22, "purchase_transaction": 136}}, {"model": "transaction.purchase", "pk": 383, "fields": {"phone": 45, "imei_number": "351680500169309", "unit_price": 18330.86, "purchase_transaction": 137}}, {"model": "transaction.purchase", "pk": 384, "fields": {"phone": 45, "imei_number": "351680500221522", "unit_price": 18330.86, "purchase_transaction": 137}}, {"model": "transaction.purchase", "pk": 385, "fields": {"phone": 45, "imei_number": "351680500211119", "unit_price": 18330.86, "purchase_transaction": 137}}, {"model": "transaction.purchase", "pk": 386, "fields": {"phone": 58, "imei_number": "867302071054060", "unit_price": 47619.33, "purchase_transaction": 138}}, {"model": "transaction.purchase", "pk": 387, "fields": {"phone": 58, "imei_number": "867302071165445", "unit_price": 47619.33, "purchase_transaction": 138}}, {"model": "transaction.purchase", "pk": 388, "fields": {"phone": 103, "imei_number": "355951710401691", "unit_price": 148800.66, "purchase_transaction": 139}}, {"model": "transaction.purchase", "pk": 389, "fields": {"phone": 43, "imei_number": "350284941183184", "unit_price": 14570.22, "purchase_transaction": 140}}, {"model": "transaction.purchase", "pk": 390, "fields": {"phone": 43, "imei_number": "350284941216695", "unit_price": 14570.22, "purchase_transaction": 140}}, {"model": "transaction.purchase", "pk": 391, "fields": {"phone": 43, "imei_number": "350284941263044", "unit_price": 14570.22, "purchase_transaction": 140}}, {"model": "transaction.purchase", "pk": 392, "fields": {"phone": 44, "imei_number": "351247890275805", "unit_price": 16450.54, "purchase_transaction": 141}}, {"model": "transaction.purchase", "pk": 393, "fields": {"phone": 44, "imei_number": "351247890267976", "unit_price": 16450.54, "purchase_transaction": 141}}, {"model": "transaction.purchase", "pk": 394, "fields": {"phone": 44, "imei_number": "351247890271937", "unit_price": 16450.54, "purchase_transaction": 141}}, {"model": "transaction.purchase", "pk": 395, "fields": {"phone": 37, "imei_number": "351766319531993", "unit_price": 28500.86, "purchase_transaction": 142}}, {"model": "transaction.purchase", "pk": 396, "fields": {"phone": 37, "imei_number": "351766319531647", "unit_price": 28500.86, "purchase_transaction": 142}}, {"model": "transaction.purchase", "pk": 397, "fields": {"phone": 36, "imei_number": "351766319519436", "unit_price": 26600.2, "purchase_transaction": 142}}, {"model": "transaction.purchase", "pk": 398, "fields": {"phone": 36, "imei_number": "351766319537370", "unit_price": 26600.2, "purchase_transaction": 142}}, {"model": "transaction.purchase", "pk": 399, "fields": {"phone": 36, "imei_number": "351766319558129", "unit_price": 26600.2, "purchase_transaction": 142}}, {"model": "transaction.purchase", "pk": 400, "fields": {"phone": 37, "imei_number": "351766319531704", "unit_price": 28500.86, "purchase_transaction": 143}}, {"model": "transaction.purchase", "pk": 401, "fields": {"phone": 42, "imei_number": "350814493760771", "unit_price": 24700.67, "purchase_transaction": 144}}, {"model": "transaction.purchase", "pk": 402, "fields": {"phone": 42, "imei_number": "350814493308118", "unit_price": 24700.67, "purchase_transaction": 144}}, {"model": "transaction.purchase", "pk": 403, "fields": {"phone": 42, "imei_number": "350814493760490", "unit_price": 24700.67, "purchase_transaction": 144}}, {"model": "transaction.purchase", "pk": 404, "fields": {"phone": 42, "imei_number": "350814493311393", "unit_price": 24700.67, "purchase_transaction": 144}}, {"model": "transaction.purchase", "pk": 405, "fields": {"phone": 27, "imei_number": "352722661998180", "unit_price": 177600.97, "purchase_transaction": 144}}, {"model": "transaction.purchase", "pk": 406, "fields": {"phone": 5, "imei_number": "868800079420075", "unit_price": 28572.05, "purchase_transaction": 145}}, {"model": "transaction.purchase", "pk": 407, "fields": {"phone": 5, "imei_number": "868800079425397", "unit_price": 28572.05, "purchase_transaction": 145}}, {"model": "transaction.purchase", "pk": 408, "fields": {"phone": 5, "imei_number": "868800071475754", "unit_price": 28572.05, "purchase_transaction": 145}}, {"model": "transaction.purchase", "pk": 409, "fields": {"phone": 5, "imei_number": "868800079415794", "unit_price": 28572.05, "purchase_transaction": 145}}, {"model": "transaction.purchase", "pk": 410, "fields": {"phone": 5, "imei_number": "868800071475937", "unit_price": 28572.05, "purchase_transaction": 145}}, {"model": "transaction.purchase", "pk": 411, "fields": {"phone": 6, "imei_number": "868884072952078", "unit_price": 21903.92, "purchase_transaction": 146}}, {"model": "transaction.purchase", "pk": 412, "fields": {"phone": 6, "imei_number": "868884074145333", "unit_price": 21903.92, "purchase_transaction": 147}}, {"model": "transaction.purchase", "pk": 413, "fields": {"phone": 6, "imei_number": "868884074144799", "unit_price": 21903.92, "purchase_transaction": 147}}, {"model": "transaction.purchase", "pk": 414, "fields": {"phone": 6, "imei_number": "868884072954512", "unit_price": 21903.92, "purchase_transaction": 147}}, {"model": "transaction.purchase", "pk": 415, "fields": {"phone": 6, "imei_number": "868884074144179", "unit_price": 21903.92, "purchase_transaction": 147}}, {"model": "transaction.purchase", "pk": 416, "fields": {"phone": 84, "imei_number": "866986075080930", "unit_price": 13808.6, "purchase_transaction": 148}}, {"model": "transaction.purchase", "pk": 417, "fields": {"phone": 84, "imei_number": "866986077691098", "unit_price": 13808.6, "purchase_transaction": 148}}, {"model": "transaction.purchase", "pk": 418, "fields": {"phone": 84, "imei_number": "866986075026297", "unit_price": 13808.6, "purchase_transaction": 148}}, {"model": "transaction.purchase", "pk": 419, "fields": {"phone": 84, "imei_number": "866986077704933", "unit_price": 13808.6, "purchase_transaction": 148}}, {"model": "transaction.purchase", "pk": 420, "fields": {"phone": 84, "imei_number": "866986077704958", "unit_price": 13808.6, "purchase_transaction": 148}}, {"model": "transaction.purchase", "pk": 421, "fields": {"phone": 84, "imei_number": "866986077704453", "unit_price": 13808.6, "purchase_transaction": 148}}, {"model": "transaction.purchase", "pk": 422, "fields": {"phone": 104, "imei_number": "355954420381591", "unit_price": 235944.0, "purchase_transaction": 149}}, {"model": "transaction.purchase", "pk": 423, "fields": {"phone": 35, "imei_number": "350722244134305", "unit_price": 49400.21, "purchase_transaction": 150}}, {"model": "transaction.purchase", "pk": 424, "fields": {"phone": 35, "imei_number": "350722244131608", "unit_price": 49400.21, "purchase_transaction": 150}}, {"model": "transaction.purchase", "pk": 425, "fields": {"phone": 34, "imei_number": "350115576590972", "unit_price": 44650.82, "purchase_transaction": 151}}, {"model": "transaction.purchase", "pk": 426, "fields": {"phone": 34, "imei_number": "350115576620795", "unit_price": 44650.82, "purchase_transaction": 151}}, {"model": "transaction.purchase", "pk": 427, "fields": {"phone": 42, "imei_number": "350814493308670", "unit_price": 24700.67, "purchase_transaction": 152}}, {"model": "transaction.purchase", "pk": 428, "fields": {"phone": 42, "imei_number": "350814493314082", "unit_price": 24700.67, "purchase_transaction": 152}}, {"model": "transaction.purchase", "pk": 429, "fields": {"phone": 42, "imei_number": "350814493762538", "unit_price": 24700.67, "purchase_transaction": 152}}, {"model": "transaction.purchase", "pk": 430, "fields": {"phone": 105, "imei_number": "862038079114473", "unit_price": 34579.13, "purchase_transaction": 153}}, {"model": "transaction.salestransaction", "pk": 1, "fields": {"date": "2024-09-18T11:38:35.024Z", "name": "SHIWANI MAGAR", "phone_number": "9741789958", "total_amount": 19500.0, "enterprise": 1, "bill_no": "349"}}, {"model": "transaction.salestransaction", "pk": 2, "fields": {"date": "2024-09-18T12:18:43.476Z", "name": "SUN KASI TAMANG", "phone_number": "98", "total_amount": 13000.0, "enterprise": 1, "bill_no": "385"}}, {"model": "transaction.salestransaction", "pk": 3, "fields": {"date": "2024-09-19T07:27:37.496Z", "name": "pritika khadka", "phone_number": "98", "total_amount": 34000.0, "enterprise": 1, "bill_no": "353"}}, {"model": "transaction.salestransaction", "pk": 4, "fields": {"date": "2024-09-19T07:28:29.367Z", "name": "pooja bk", "phone_number": "98", "total_amount": 17500.0, "enterprise": 1, "bill_no": "352"}}, {"model": "transaction.salestransaction", "pk": 5, "fields": {"date": "2024-09-19T07:29:01.747Z", "name": "sagar sir", "phone_number": "98", "total_amount": 37000.0, "enterprise": 1, "bill_no": "351"}}, {"model": "transaction.salestransaction", "pk": 6, "fields": {"date": "2024-09-19T11:40:24.557Z", "name": "ambar bahadur gurung", "phone_number": "98", "total_amount": 28000.0, "enterprise": 1, "bill_no": "354"}}, {"model": "transaction.salestransaction", "pk": 7, "fields": {"date": "2024-09-19T11:42:41.711Z", "name": "ram kaji tamang", "phone_number": "98", "total_amount": 26000.0, "enterprise": 1, "bill_no": "355"}}, {"model": "transaction.salestransaction", "pk": 8, "fields": {"date": "2024-09-19T13:22:05.893Z", "name": "nabin shahi", "phone_number": "9745906320", "total_amount": 16500.0, "enterprise": 1, "bill_no": "337"}}, {"model": "transaction.salestransaction", "pk": 9, "fields": {"date": "2024-09-19T13:25:11.815Z", "name": "nimesh raj shrestha", "phone_number": "9823231212", "total_amount": 28000.0, "enterprise": 1, "bill_no": "356"}}, {"model": "transaction.salestransaction", "pk": 10, "fields": {"date": "2024-09-19T13:28:12.220Z", "name": "prabin bhai unik mobile", "phone_number": "9888", "total_amount": 19000.0, "enterprise": 1, "bill_no": "0011"}}, {"model": "transaction.salestransaction", "pk": 12, "fields": {"date": "2024-09-20T06:41:28.096Z", "name": "radhe shyam rana", "phone_number": "9812714125", "total_amount": 65000.0, "enterprise": 1, "bill_no": "360"}}, {"model": "transaction.salestransaction", "pk": 13, "fields": {"date": "2024-09-20T07:03:13.118Z", "name": "manij gurung emi (hari silwal)", "phone_number": "9803339378", "total_amount": 34000.0, "enterprise": 1, "bill_no": "361"}}, {"model": "transaction.salestransaction", "pk": 14, "fields": {"date": "2024-09-20T00:00:00Z", "name": "rajan guragain (emi)", "phone_number": "9852059287", "total_amount": 54000.0, "enterprise": 1, "bill_no": "367"}}, {"model": "transaction.salestransaction", "pk": 15, "fields": {"date": "2024-09-20T11:24:59.735Z", "name": "abishek kumar mahato(emi)", "phone_number": "9862169979", "total_amount": 26000.0, "enterprise": 1, "bill_no": "368"}}, {"model": "transaction.salestransaction", "pk": 16, "fields": {"date": "2024-09-20T14:27:49.598Z", "name": "roshan lama", "phone_number": "9826708205", "total_amount": 34000.0, "enterprise": 1, "bill_no": "369"}}, {"model": "transaction.salestransaction", "pk": 17, "fields": {"date": "2024-09-20T14:33:49.477Z", "name": "Uttam Kumar Basnet", "phone_number": "9865056751", "total_amount": 185000.0, "enterprise": 1, "bill_no": "370"}}, {"model": "transaction.salestransaction", "pk": 18, "fields": {"date": "2024-09-21T10:40:40.247Z", "name": "sushma shrestha", "phone_number": "9861679848", "total_amount": 48000.0, "enterprise": 1, "bill_no": "371"}}, {"model": "transaction.salestransaction", "pk": 19, "fields": {"date": "2024-09-22T08:09:51.895Z", "name": "roshan tamang", "phone_number": "9844478910", "total_amount": 36300.0, "enterprise": 1, "bill_no": "373"}}, {"model": "transaction.salestransaction", "pk": 20, "fields": {"date": "2024-09-22T08:12:49.854Z", "name": "amir lama", "phone_number": "9803569750", "total_amount": 13200.0, "enterprise": 1, "bill_no": "372"}}, {"model": "transaction.salestransaction", "pk": 21, "fields": {"date": "2024-09-22T08:51:07.766Z", "name": "alastair babu parsai", "phone_number": "9869711818", "total_amount": 48000.0, "enterprise": 1, "bill_no": "375"}}, {"model": "transaction.salestransaction", "pk": 22, "fields": {"date": "2024-09-23T08:53:57.507Z", "name": "company return", "phone_number": "991", "total_amount": 19000.0, "enterprise": 1, "bill_no": "00"}}, {"model": "transaction.salestransaction", "pk": 23, "fields": {"date": "2024-09-23T08:57:05.030Z", "name": "subodh thakur emi", "phone_number": "9851319831", "total_amount": 28000.0, "enterprise": 1, "bill_no": "376"}}, {"model": "transaction.salestransaction", "pk": 24, "fields": {"date": "2024-09-23T08:58:29.640Z", "name": "ravi ghale emi", "phone_number": "9811845661", "total_amount": 143000.0, "enterprise": 1, "bill_no": "377"}}, {"model": "transaction.salestransaction", "pk": 25, "fields": {"date": "2024-09-23T08:59:35.161Z", "name": "sher bahadur sunuwar", "phone_number": "9851355146", "total_amount": 47000.0, "enterprise": 1, "bill_no": "378"}}, {"model": "transaction.salestransaction", "pk": 26, "fields": {"date": "2024-09-23T09:00:39.674Z", "name": "kanchan khadka emi", "phone_number": "9861288375", "total_amount": 63000.0, "enterprise": 1, "bill_no": "379"}}, {"model": "transaction.salestransaction", "pk": 27, "fields": {"date": "2024-09-23T09:15:25.730Z", "name": "chandra praksah chaudhary", "phone_number": "9809805967", "total_amount": 12500.0, "enterprise": 1, "bill_no": "380"}}, {"model": "transaction.salestransaction", "pk": 28, "fields": {"date": "2024-09-23T13:39:21.542Z", "name": "dinesh thakur", "phone_number": "9842307130", "total_amount": 15500.0, "enterprise": 1, "bill_no": "381"}}, {"model": "transaction.salestransaction", "pk": 29, "fields": {"date": "2024-09-23T13:44:30.432Z", "name": "paras gautam", "phone_number": "9825880281", "total_amount": 143000.0, "enterprise": 1, "bill_no": "382"}}, {"model": "transaction.salestransaction", "pk": 30, "fields": {"date": "2024-09-23T13:47:37.596Z", "name": "anup sanjyal", "phone_number": "9741864779", "total_amount": 13200.0, "enterprise": 1, "bill_no": "383"}}, {"model": "transaction.salestransaction", "pk": 31, "fields": {"date": "2024-09-23T14:00:09.661Z", "name": "tarahang limbu", "phone_number": "9815059377", "total_amount": 86000.0, "enterprise": 1, "bill_no": "384"}}, {"model": "transaction.salestransaction", "pk": 32, "fields": {"date": "2024-09-23T14:03:12.884Z", "name": "doma tamang", "phone_number": "98", "total_amount": 16000.0, "enterprise": 1, "bill_no": "385"}}, {"model": "transaction.salestransaction", "pk": 33, "fields": {"date": "2024-09-24T04:14:29.839Z", "name": "dipendra rijal", "phone_number": "9803205738", "total_amount": 12000.0, "enterprise": 1, "bill_no": "386"}}, {"model": "transaction.salestransaction", "pk": 34, "fields": {"date": "2024-09-24T12:45:06.074Z", "name": "bindu reule", "phone_number": "98", "total_amount": 204500.0, "enterprise": 1, "bill_no": "389"}}, {"model": "transaction.salestransaction", "pk": 35, "fields": {"date": "2024-09-24T12:51:57.060Z", "name": "bhim bahadur bhujel", "phone_number": "980827836", "total_amount": 26000.0, "enterprise": 1, "bill_no": "387"}}, {"model": "transaction.salestransaction", "pk": 36, "fields": {"date": "2024-09-24T12:52:38.537Z", "name": "emi abhishek negi", "phone_number": "000", "total_amount": 52000.0, "enterprise": 1, "bill_no": "388"}}, {"model": "transaction.salestransaction", "pk": 37, "fields": {"date": "2024-09-24T12:53:33.024Z", "name": "pawan neupane", "phone_number": "000", "total_amount": 30000.0, "enterprise": 1, "bill_no": "390"}}, {"model": "transaction.salestransaction", "pk": 38, "fields": {"date": "2024-09-25T12:52:26.978Z", "name": "raju adhikari emi", "phone_number": "9804308349", "total_amount": 63000.0, "enterprise": 1, "bill_no": "392"}}, {"model": "transaction.salestransaction", "pk": 39, "fields": {"date": "2024-09-25T12:53:21.647Z", "name": "suman bhandari", "phone_number": "9843591845", "total_amount": 47000.0, "enterprise": 1, "bill_no": "393"}}, {"model": "transaction.salestransaction", "pk": 40, "fields": {"date": "2024-09-25T12:54:12.286Z", "name": "prajwal thapa magar", "phone_number": "9828854145", "total_amount": 45000.0, "enterprise": 1, "bill_no": "394"}}, {"model": "transaction.salestransaction", "pk": 41, "fields": {"date": "2024-09-25T12:55:12.073Z", "name": "bipin kumar chand", "phone_number": "9851311201", "total_amount": 30000.0, "enterprise": 1, "bill_no": "395"}}, {"model": "transaction.salestransaction", "pk": 42, "fields": {"date": "2024-09-25T13:18:53.356Z", "name": "nirajan rai (hari silwal)", "phone_number": "99", "total_amount": 26000.0, "enterprise": 1, "bill_no": "396"}}, {"model": "transaction.salestransaction", "pk": 43, "fields": {"date": "2024-09-26T12:58:28.200Z", "name": "puskar emi", "phone_number": "9745688630", "total_amount": 15500.0, "enterprise": 1, "bill_no": "399"}}, {"model": "transaction.salestransaction", "pk": 44, "fields": {"date": "2024-09-26T12:59:14.684Z", "name": "salim kaji dangal", "phone_number": "9", "total_amount": 47000.0, "enterprise": 1, "bill_no": "400"}}, {"model": "transaction.salestransaction", "pk": 45, "fields": {"date": "2024-09-26T12:59:56.857Z", "name": "ranjan adhikari", "phone_number": "99", "total_amount": 14500.0, "enterprise": 1, "bill_no": "401"}}, {"model": "transaction.salestransaction", "pk": 46, "fields": {"date": "2024-09-26T13:00:48.177Z", "name": "santu maya tamang", "phone_number": "99", "total_amount": 47000.0, "enterprise": 1, "bill_no": "402"}}, {"model": "transaction.salestransaction", "pk": 47, "fields": {"date": "2024-09-26T13:02:46.144Z", "name": "gajendra salami magar", "phone_number": "9", "total_amount": 63000.0, "enterprise": 1, "bill_no": "403"}}, {"model": "transaction.salestransaction", "pk": 48, "fields": {"date": "2024-09-26T13:03:43.860Z", "name": "umesh kumar", "phone_number": "99", "total_amount": 30000.0, "enterprise": 1, "bill_no": "404"}}, {"model": "transaction.salestransaction", "pk": 49, "fields": {"date": "2024-09-26T13:04:19.995Z", "name": "chitra", "phone_number": "99", "total_amount": 34000.0, "enterprise": 1, "bill_no": "405"}}, {"model": "transaction.salestransaction", "pk": 50, "fields": {"date": "2024-09-26T13:04:58.625Z", "name": "sanish shrestha", "phone_number": "99", "total_amount": 47000.0, "enterprise": 1, "bill_no": "406"}}, {"model": "transaction.salestransaction", "pk": 51, "fields": {"date": "2024-09-26T13:11:58.197Z", "name": "mira", "phone_number": "9", "total_amount": 22500.0, "enterprise": 1, "bill_no": "397"}}, {"model": "transaction.salestransaction", "pk": 52, "fields": {"date": "2024-09-26T13:13:21.583Z", "name": "raj", "phone_number": "9", "total_amount": 27000.0, "enterprise": 1, "bill_no": "398"}}, {"model": "transaction.salestransaction", "pk": 53, "fields": {"date": "2024-09-22T13:54:20.156Z", "name": "ram yadav", "phone_number": "98", "total_amount": 25000.0, "enterprise": 1, "bill_no": "374"}}, {"model": "transaction.salestransaction", "pk": 54, "fields": {"date": "2024-09-24T06:07:38.223Z", "name": "roshan bahadur singh", "phone_number": "9", "total_amount": 23000.0, "enterprise": 1, "bill_no": "391"}}, {"model": "transaction.salestransaction", "pk": 55, "fields": {"date": "2024-09-27T08:01:01.489Z", "name": "manish shaikh", "phone_number": "9", "total_amount": 18000.0, "enterprise": 1, "bill_no": "409"}}, {"model": "transaction.salestransaction", "pk": 56, "fields": {"date": "2024-09-27T12:34:24.790Z", "name": "rojina magar hari silwal emi", "phone_number": "9846328464", "total_amount": 21000.0, "enterprise": 1, "bill_no": "412"}}, {"model": "transaction.salestransaction", "pk": 57, "fields": {"date": "2024-09-27T12:35:17.353Z", "name": "mangal bahadur tamang", "phone_number": "9746279648", "total_amount": 15500.0, "enterprise": 1, "bill_no": "411"}}, {"model": "transaction.salestransaction", "pk": 58, "fields": {"date": "2024-09-27T12:36:16.267Z", "name": "raju lama", "phone_number": "9849990732", "total_amount": 30000.0, "enterprise": 1, "bill_no": "410"}}, {"model": "transaction.salestransaction", "pk": 59, "fields": {"date": "2024-09-27T12:37:25.790Z", "name": "sunil kumal", "phone_number": "9862640134", "total_amount": 30000.0, "enterprise": 1, "bill_no": "408"}}, {"model": "transaction.salestransaction", "pk": 60, "fields": {"date": "2024-09-27T12:40:04.559Z", "name": "nischal shrestha", "phone_number": "9823852948", "total_amount": 15500.0, "enterprise": 1, "bill_no": "407"}}, {"model": "transaction.salestransaction", "pk": 61, "fields": {"date": "2024-09-29T05:44:40.254Z", "name": "SANGITA BOGATI", "phone_number": "9", "total_amount": 18000.0, "enterprise": 1, "bill_no": "413"}}, {"model": "transaction.salestransaction", "pk": 62, "fields": {"date": "2024-09-29T08:53:57.518Z", "name": "uniq mobile", "phone_number": "9", "total_amount": 33000.0, "enterprise": 1, "bill_no": "00"}}, {"model": "transaction.salestransaction", "pk": 63, "fields": {"date": "2024-09-29T09:29:23.024Z", "name": "rakesh kumar pakhrin emi", "phone_number": "9851193962", "total_amount": 34000.0, "enterprise": 1, "bill_no": "417"}}, {"model": "transaction.salestransaction", "pk": 64, "fields": {"date": "2024-09-29T09:36:47.632Z", "name": "rit kumar limbu emi", "phone_number": "9744332692", "total_amount": 21000.0, "enterprise": 1, "bill_no": "418"}}, {"model": "transaction.salestransaction", "pk": 65, "fields": {"date": "2024-09-29T09:53:17.901Z", "name": "amrit bahadur galang emi", "phone_number": "9841744947", "total_amount": 200000.0, "enterprise": 1, "bill_no": "416"}}, {"model": "transaction.salestransaction", "pk": 66, "fields": {"date": "2024-09-29T10:01:49.578Z", "name": "yadav  pujara", "phone_number": "9762927005", "total_amount": 15500.0, "enterprise": 1, "bill_no": "414"}}, {"model": "transaction.salestransaction", "pk": 67, "fields": {"date": "2024-09-29T13:02:02.234Z", "name": "SHRESTI GAIRE", "phone_number": "90", "total_amount": 21000.0, "enterprise": 1, "bill_no": "419"}}, {"model": "transaction.salestransaction", "pk": 68, "fields": {"date": "2024-09-29T13:04:09.932Z", "name": "ANISH GELANG MAGAR", "phone_number": "9866296414", "total_amount": 18000.0, "enterprise": 1, "bill_no": "415"}}, {"model": "transaction.salestransaction", "pk": 69, "fields": {"date": "2024-09-29T13:16:10.832Z", "name": "MANISH DAA GADIMAI", "phone_number": "99", "total_amount": 14000.0, "enterprise": 1, "bill_no": "NO"}}, {"model": "transaction.salestransaction", "pk": 70, "fields": {"date": "2024-09-29T13:18:00.466Z", "name": "AYUSH MENPOWER GANESH COMPUTER", "phone_number": "99", "total_amount": 45000.0, "enterprise": 1, "bill_no": "NO"}}, {"model": "transaction.salestransaction", "pk": 71, "fields": {"date": "2024-09-30T13:21:46.417Z", "name": "SANTOSH DAII", "phone_number": "99", "total_amount": 66000.0, "enterprise": 1, "bill_no": "NO"}}, {"model": "transaction.salestransaction", "pk": 72, "fields": {"date": "2024-09-30T13:22:40.610Z", "name": "PRADIP GURUNG", "phone_number": "9", "total_amount": 86000.0, "enterprise": 1, "bill_no": "426"}}, {"model": "transaction.salestransaction", "pk": 73, "fields": {"date": "2024-09-30T13:23:49.237Z", "name": "APSANA MAGAR", "phone_number": "9", "total_amount": 14000.0, "enterprise": 1, "bill_no": "425"}}, {"model": "transaction.salestransaction", "pk": 74, "fields": {"date": "2024-09-30T13:24:43.029Z", "name": "NARENDRA KHATRI", "phone_number": "9", "total_amount": 60000.0, "enterprise": 1, "bill_no": "424"}}, {"model": "transaction.salestransaction", "pk": 75, "fields": {"date": "2024-09-30T13:27:54.826Z", "name": "RITA KHATRI", "phone_number": "9", "total_amount": 143000.0, "enterprise": 1, "bill_no": "423"}}, {"model": "transaction.salestransaction", "pk": 76, "fields": {"date": "2024-09-30T13:28:28.567Z", "name": "SANGITA", "phone_number": "9", "total_amount": 51000.0, "enterprise": 1, "bill_no": "422"}}, {"model": "transaction.salestransaction", "pk": 77, "fields": {"date": "2024-09-30T13:29:23.800Z", "name": "SILA BASNET", "phone_number": "9", "total_amount": 47000.0, "enterprise": 1, "bill_no": "421"}}, {"model": "transaction.salestransaction", "pk": 78, "fields": {"date": "2024-09-30T13:29:59.721Z", "name": "PUSPA GURUNG", "phone_number": "0", "total_amount": 20500.0, "enterprise": 1, "bill_no": "420"}}, {"model": "transaction.salestransaction", "pk": 79, "fields": {"date": "2024-09-30T13:31:43.269Z", "name": "SRADHA PANT", "phone_number": "0", "total_amount": 68000.0, "enterprise": 1, "bill_no": "0"}}, {"model": "transaction.salestransaction", "pk": 80, "fields": {"date": "2024-09-30T00:00:00Z", "name": "rakesh thapa magar", "phone_number": "9803867953", "total_amount": 15500.0, "enterprise": 1, "bill_no": "427"}}, {"model": "transaction.salestransaction", "pk": 81, "fields": {"date": "2024-10-01T07:45:05.723Z", "name": "SHREE PRASAD", "phone_number": "9", "total_amount": 185000.0, "enterprise": 1, "bill_no": "428"}}, {"model": "transaction.salestransaction", "pk": 82, "fields": {"date": "2024-10-01T07:45:52.948Z", "name": "DIPAK LAMICHHANE", "phone_number": "9", "total_amount": 36000.0, "enterprise": 1, "bill_no": "429"}}, {"model": "transaction.salestransaction", "pk": 83, "fields": {"date": "2024-10-01T07:46:42.461Z", "name": "SUSANT KUMAR", "phone_number": "0", "total_amount": 34000.0, "enterprise": 1, "bill_no": "430"}}, {"model": "transaction.salestransaction", "pk": 84, "fields": {"date": "2024-10-01T07:47:17.200Z", "name": "SAROJ LAMA", "phone_number": "0", "total_amount": 28000.0, "enterprise": 1, "bill_no": "431"}}, {"model": "transaction.salestransaction", "pk": 85, "fields": {"date": "2024-10-01T07:48:07.299Z", "name": "BIBASH KAFLE", "phone_number": "0", "total_amount": 45000.0, "enterprise": 1, "bill_no": "432"}}, {"model": "transaction.salestransaction", "pk": 86, "fields": {"date": "2024-10-01T07:49:18.523Z", "name": "SANSKAR PANDIT", "phone_number": "0", "total_amount": 28000.0, "enterprise": 1, "bill_no": "434"}}, {"model": "transaction.salestransaction", "pk": 87, "fields": {"date": "2024-10-01T07:50:30.565Z", "name": "NABIN KHADKA", "phone_number": "0", "total_amount": 68000.0, "enterprise": 1, "bill_no": "435"}}, {"model": "transaction.salestransaction", "pk": 88, "fields": {"date": "2024-10-01T07:51:04.376Z", "name": "PRADEEP", "phone_number": "0", "total_amount": 14100.0, "enterprise": 1, "bill_no": "436"}}, {"model": "transaction.salestransaction", "pk": 89, "fields": {"date": "2024-10-01T07:51:39.961Z", "name": "PRABASH", "phone_number": "0", "total_amount": 22000.0, "enterprise": 1, "bill_no": "437"}}, {"model": "transaction.salestransaction", "pk": 90, "fields": {"date": "2024-10-01T07:52:55.232Z", "name": "HARI SILWAL", "phone_number": "0", "total_amount": 21000.0, "enterprise": 1, "bill_no": "NO"}}, {"model": "transaction.salestransaction", "pk": 91, "fields": {"date": "2024-10-02T00:00:28.801Z", "name": "krishna  dai  return", "phone_number": "00", "total_amount": 18000.0, "enterprise": 1, "bill_no": "no"}}, {"model": "transaction.salestransaction", "pk": 92, "fields": {"date": "2024-10-02T00:07:46.675Z", "name": "manish dqaii gadimaii", "phone_number": "0", "total_amount": 14500.0, "enterprise": 1, "bill_no": "no bill"}}, {"model": "transaction.salestransaction", "pk": 93, "fields": {"date": "2024-10-02T00:08:38.698Z", "name": "prabin raii", "phone_number": "9862115088", "total_amount": 14500.0, "enterprise": 1, "bill_no": "438"}}, {"model": "transaction.salestransaction", "pk": 94, "fields": {"date": "2024-10-02T00:12:09.743Z", "name": "company return", "phone_number": "0", "total_amount": 44000.0, "enterprise": 1, "bill_no": "no"}}, {"model": "transaction.salestransaction", "pk": 95, "fields": {"date": "2024-10-02T03:17:36.114Z", "name": "SAMYOG RAI", "phone_number": "0", "total_amount": 18000.0, "enterprise": 1, "bill_no": "440"}}, {"model": "transaction.salestransaction", "pk": 96, "fields": {"date": "2024-10-02T03:18:43.160Z", "name": "BILCILINTAN PATEL", "phone_number": "981581785", "total_amount": 63000.0, "enterprise": 1, "bill_no": "441"}}, {"model": "transaction.salestransaction", "pk": 97, "fields": {"date": "2024-10-02T03:19:55.630Z", "name": "DHSNSING BUDHA", "phone_number": "9744384444", "total_amount": 21000.0, "enterprise": 1, "bill_no": "439"}}, {"model": "transaction.salestransaction", "pk": 98, "fields": {"date": "2024-10-01T04:55:02.110Z", "name": "SANSKAR PANDIT", "phone_number": "9851046764", "total_amount": 185000.0, "enterprise": 1, "bill_no": "433"}}, {"model": "transaction.salestransaction", "pk": 99, "fields": {"date": "2024-10-02T07:21:00.124Z", "name": "rajan gurung", "phone_number": "0", "total_amount": 18000.0, "enterprise": 1, "bill_no": "443"}}, {"model": "transaction.salestransaction", "pk": 100, "fields": {"date": "2024-10-02T07:26:42.816Z", "name": "netra sir company return", "phone_number": "00", "total_amount": 68000.0, "enterprise": 1, "bill_no": "00"}}, {"model": "transaction.salestransaction", "pk": 101, "fields": {"date": "2024-10-01T07:32:49.665Z", "name": "manish daii gadimai", "phone_number": "00", "total_amount": 14000.0, "enterprise": 1, "bill_no": "noo"}}, {"model": "transaction.salestransaction", "pk": 102, "fields": {"date": "2024-10-02T07:33:27.025Z", "name": "manish daii gadimai", "phone_number": "000", "total_amount": 16000.0, "enterprise": 1, "bill_no": "00"}}, {"model": "transaction.salestransaction", "pk": 103, "fields": {"date": "2024-10-03T07:01:56.567Z", "name": "baburam khatri", "phone_number": "0", "total_amount": 30000.0, "enterprise": 1, "bill_no": "446"}}, {"model": "transaction.salestransaction", "pk": 104, "fields": {"date": "2024-10-03T07:03:24.040Z", "name": "sameer bhattarai", "phone_number": "0", "total_amount": 23500.0, "enterprise": 1, "bill_no": "447"}}, {"model": "transaction.salestransaction", "pk": 105, "fields": {"date": "2024-10-03T07:04:08.269Z", "name": "rajan gurung", "phone_number": "0", "total_amount": 30000.0, "enterprise": 1, "bill_no": "448"}}, {"model": "transaction.salestransaction", "pk": 106, "fields": {"date": "2024-10-03T07:04:46.386Z", "name": "umang gurung", "phone_number": "0", "total_amount": 30000.0, "enterprise": 1, "bill_no": "449"}}, {"model": "transaction.salestransaction", "pk": 107, "fields": {"date": "2024-10-03T07:05:39.794Z", "name": "rina basnet", "phone_number": "0", "total_amount": 15500.0, "enterprise": 1, "bill_no": "450"}}, {"model": "transaction.salestransaction", "pk": 108, "fields": {"date": "2024-10-03T07:06:22.536Z", "name": "company return", "phone_number": "0", "total_amount": 0.0, "enterprise": 1, "bill_no": "00"}}, {"model": "transaction.salestransaction", "pk": 109, "fields": {"date": "2024-10-03T07:09:00.301Z", "name": "sita gurung", "phone_number": "0", "total_amount": 28000.0, "enterprise": 1, "bill_no": "451"}}, {"model": "transaction.salestransaction", "pk": 110, "fields": {"date": "2024-10-03T07:10:13.052Z", "name": "surendra singh", "phone_number": "0452", "total_amount": 26000.0, "enterprise": 1, "bill_no": "452"}}, {"model": "transaction.salestransaction", "pk": 111, "fields": {"date": "2024-10-03T07:10:59.273Z", "name": "sarita chepang", "phone_number": "00453", "total_amount": 21000.0, "enterprise": 1, "bill_no": "453"}}, {"model": "transaction.salestransaction", "pk": 112, "fields": {"date": "2024-10-03T07:12:15.588Z", "name": "kiran bahadur chepang", "phone_number": "00", "total_amount": 21000.0, "enterprise": 1, "bill_no": "454"}}, {"model": "transaction.salestransaction", "pk": 113, "fields": {"date": "2024-10-03T07:13:10.337Z", "name": "anil shrestha", "phone_number": "0", "total_amount": 47000.0, "enterprise": 1, "bill_no": "455"}}, {"model": "transaction.salestransaction", "pk": 114, "fields": {"date": "2024-10-03T07:20:37.912Z", "name": "trisha thapa", "phone_number": "oo", "total_amount": 30000.0, "enterprise": 1, "bill_no": "456"}}, {"model": "transaction.salestransaction", "pk": 115, "fields": {"date": "2024-10-03T07:48:07.930Z", "name": "bharat basnet", "phone_number": "0", "total_amount": 185000.0, "enterprise": 1, "bill_no": "444"}}, {"model": "transaction.salestransaction", "pk": 116, "fields": {"date": "2024-10-03T23:38:27.872Z", "name": "INDRA SIR", "phone_number": "00", "total_amount": 30000.0, "enterprise": 1, "bill_no": "462"}}, {"model": "transaction.salestransaction", "pk": 117, "fields": {"date": "2024-10-03T23:39:23.309Z", "name": "TARUBH GHARTIMAGAR", "phone_number": "00", "total_amount": 95000.0, "enterprise": 1, "bill_no": "461"}}, {"model": "transaction.salestransaction", "pk": 118, "fields": {"date": "2024-10-03T23:47:28.817Z", "name": "NIRMALA BIST", "phone_number": "00", "total_amount": 11200.0, "enterprise": 1, "bill_no": "460"}}, {"model": "transaction.salestransaction", "pk": 119, "fields": {"date": "2024-10-04T07:00:58.674Z", "name": "CHANDRA KHADKA", "phone_number": "00", "total_amount": 26000.0, "enterprise": 1, "bill_no": "463"}}, {"model": "transaction.salestransaction", "pk": 120, "fields": {"date": "2024-10-04T07:01:41.447Z", "name": "REBITA SUBEDI", "phone_number": "00", "total_amount": 30000.0, "enterprise": 1, "bill_no": "464"}}, {"model": "transaction.salestransaction", "pk": 121, "fields": {"date": "2024-10-04T07:03:24.538Z", "name": "PABITRA PAUDEL", "phone_number": "00", "total_amount": 17500.0, "enterprise": 1, "bill_no": "465"}}, {"model": "transaction.salestransaction", "pk": 122, "fields": {"date": "2024-10-04T07:04:45.164Z", "name": "RAJENDRA SINGH NEGI", "phone_number": "000", "total_amount": 34000.0, "enterprise": 1, "bill_no": "466"}}, {"model": "transaction.salestransaction", "pk": 123, "fields": {"date": "2024-10-04T07:32:47.244Z", "name": "BYOND BUTY", "phone_number": "00", "total_amount": 14000.0, "enterprise": 1, "bill_no": "N0"}}, {"model": "transaction.salestransaction", "pk": 124, "fields": {"date": "2024-10-04T07:33:39.261Z", "name": "BIKASH RAI", "phone_number": "00", "total_amount": 28000.0, "enterprise": 1, "bill_no": "467"}}, {"model": "transaction.salestransaction", "pk": 125, "fields": {"date": "2024-10-04T07:34:24.094Z", "name": "ASHIKA GURUNG", "phone_number": "00", "total_amount": 28000.0, "enterprise": 1, "bill_no": "468"}}, {"model": "transaction.salestransaction", "pk": 126, "fields": {"date": "2024-10-04T08:01:33.114Z", "name": "RAJU SHRESTHA", "phone_number": "00", "total_amount": 54000.0, "enterprise": 1, "bill_no": "458"}}, {"model": "transaction.salestransaction", "pk": 127, "fields": {"date": "2024-10-04T08:02:13.559Z", "name": "MANJU PANDEY", "phone_number": "00", "total_amount": 54000.0, "enterprise": 1, "bill_no": "459"}}, {"model": "transaction.salestransaction", "pk": 128, "fields": {"date": "2024-10-04T08:03:02.397Z", "name": "SUNDAR SHRESTHA", "phone_number": "00", "total_amount": 19500.0, "enterprise": 1, "bill_no": "469"}}, {"model": "transaction.salestransaction", "pk": 129, "fields": {"date": "2024-10-05T06:43:38.914Z", "name": "jayaram tamang", "phone_number": "00", "total_amount": 17500.0, "enterprise": 1, "bill_no": "471"}}, {"model": "transaction.salestransaction", "pk": 130, "fields": {"date": "2024-10-05T06:45:08.589Z", "name": "sanchu tamang", "phone_number": "00", "total_amount": 17500.0, "enterprise": 1, "bill_no": "472"}}, {"model": "transaction.salestransaction", "pk": 131, "fields": {"date": "2024-10-05T06:46:11.219Z", "name": "nirmal chand", "phone_number": "00", "total_amount": 30000.0, "enterprise": 1, "bill_no": "473"}}, {"model": "transaction.salestransaction", "pk": 132, "fields": {"date": "2024-10-05T06:47:21.726Z", "name": "rajesh pun", "phone_number": "00", "total_amount": 68000.0, "enterprise": 1, "bill_no": "474"}}, {"model": "transaction.salestransaction", "pk": 133, "fields": {"date": "2024-10-05T06:48:20.807Z", "name": "nisha gurung", "phone_number": "00", "total_amount": 34000.0, "enterprise": 1, "bill_no": "475"}}, {"model": "transaction.salestransaction", "pk": 134, "fields": {"date": "2024-10-05T06:49:07.349Z", "name": "prabhat shahi", "phone_number": "00", "total_amount": 21000.0, "enterprise": 1, "bill_no": "476"}}, {"model": "transaction.salestransaction", "pk": 135, "fields": {"date": "2024-10-05T06:50:06.872Z", "name": "CHANDRA BAHADUR dhenak", "phone_number": "000", "total_amount": 34000.0, "enterprise": 1, "bill_no": "479"}}, {"model": "transaction.salestransaction", "pk": 136, "fields": {"date": "2024-10-05T07:53:37.469Z", "name": "utam sir", "phone_number": "00", "total_amount": 16000.0, "enterprise": 1, "bill_no": "no bill"}}, {"model": "transaction.salestransaction", "pk": 137, "fields": {"date": "2024-10-05T07:59:46.546Z", "name": "parmila nepal", "phone_number": "000", "total_amount": 28000.0, "enterprise": 1, "bill_no": "470"}}, {"model": "transaction.salestransaction", "pk": 138, "fields": {"date": "2024-10-05T08:08:24.825Z", "name": "raju pariyar", "phone_number": "00", "total_amount": 15500.0, "enterprise": 1, "bill_no": "478"}}, {"model": "transaction.salestransaction", "pk": 139, "fields": {"date": "2024-10-06T06:47:21.499Z", "name": "gopal dhami", "phone_number": "000", "total_amount": 34000.0, "enterprise": 1, "bill_no": "480"}}, {"model": "transaction.salestransaction", "pk": 140, "fields": {"date": "2024-10-06T06:48:14.512Z", "name": "sano madat", "phone_number": "00", "total_amount": 17200.0, "enterprise": 1, "bill_no": "481"}}, {"model": "transaction.salestransaction", "pk": 141, "fields": {"date": "2024-10-06T06:49:57.346Z", "name": "sushil chaudhary", "phone_number": "000", "total_amount": 17000.0, "enterprise": 1, "bill_no": "482"}}, {"model": "transaction.salestransaction", "pk": 142, "fields": {"date": "2024-10-06T06:51:25.937Z", "name": "bed kumari magar", "phone_number": "00", "total_amount": 30000.0, "enterprise": 1, "bill_no": "483"}}, {"model": "transaction.salestransaction", "pk": 143, "fields": {"date": "2024-10-06T07:26:02.829Z", "name": "sanjib tamang", "phone_number": "00", "total_amount": 26000.0, "enterprise": 1, "bill_no": "484"}}, {"model": "transaction.salestransaction", "pk": 144, "fields": {"date": "2024-10-06T07:26:55.021Z", "name": "urmilaa pahari", "phone_number": "00", "total_amount": 30000.0, "enterprise": 1, "bill_no": "485"}}, {"model": "transaction.salestransaction", "pk": 145, "fields": {"date": "2024-10-06T07:27:37.757Z", "name": "rejina khadka", "phone_number": "00", "total_amount": 34000.0, "enterprise": 1, "bill_no": "486"}}, {"model": "transaction.salestransaction", "pk": 146, "fields": {"date": "2024-10-06T07:29:03.189Z", "name": "anmol thapa", "phone_number": "000", "total_amount": 68000.0, "enterprise": 1, "bill_no": "487"}}, {"model": "transaction.salestransaction", "pk": 147, "fields": {"date": "2024-10-06T07:29:43.698Z", "name": "parmila pahari", "phone_number": "00", "total_amount": 30000.0, "enterprise": 1, "bill_no": "488"}}, {"model": "transaction.salestransaction", "pk": 148, "fields": {"date": "2024-10-06T07:31:55.471Z", "name": "hari silwal", "phone_number": "00", "total_amount": 34000.0, "enterprise": 1, "bill_no": "00"}}, {"model": "transaction.salestransaction", "pk": 149, "fields": {"date": "2024-10-07T06:41:26.679Z", "name": "apeksha dee", "phone_number": "00", "total_amount": 33000.0, "enterprise": 1, "bill_no": "00"}}, {"model": "transaction.salestransaction", "pk": 150, "fields": {"date": "2024-10-07T07:20:03.414Z", "name": "hari nepali", "phone_number": "00", "total_amount": 19500.0, "enterprise": 1, "bill_no": "490"}}, {"model": "transaction.salestransaction", "pk": 151, "fields": {"date": "2024-10-07T07:27:24.475Z", "name": "rabin barali", "phone_number": "00", "total_amount": 23000.0, "enterprise": 1, "bill_no": "491"}}, {"model": "transaction.salestransaction", "pk": 152, "fields": {"date": "2024-10-07T07:28:12.375Z", "name": "susma karki", "phone_number": "00", "total_amount": 15750.0, "enterprise": 1, "bill_no": "492"}}, {"model": "transaction.salestransaction", "pk": 153, "fields": {"date": "2024-10-07T07:28:49.837Z", "name": "bishal shahi", "phone_number": "00", "total_amount": 68000.0, "enterprise": 1, "bill_no": "493"}}, {"model": "transaction.salestransaction", "pk": 154, "fields": {"date": "2024-10-07T07:29:44.095Z", "name": "dhan raj tamang", "phone_number": "00", "total_amount": 14500.0, "enterprise": 1, "bill_no": "495"}}, {"model": "transaction.salestransaction", "pk": 155, "fields": {"date": "2024-10-07T07:30:22.209Z", "name": "sanjiv chaudhary", "phone_number": "00", "total_amount": 14500.0, "enterprise": 1, "bill_no": "496"}}, {"model": "transaction.salestransaction", "pk": 156, "fields": {"date": "2024-10-07T07:31:11.888Z", "name": "rihan alam", "phone_number": "00", "total_amount": 68000.0, "enterprise": 1, "bill_no": "497"}}, {"model": "transaction.salestransaction", "pk": 157, "fields": {"date": "2024-10-07T07:32:15.105Z", "name": "githang limbu", "phone_number": "00", "total_amount": 30000.0, "enterprise": 1, "bill_no": "498"}}, {"model": "transaction.salestransaction", "pk": 158, "fields": {"date": "2024-10-07T07:33:27.391Z", "name": "pratima adhikari", "phone_number": "00", "total_amount": 30000.0, "enterprise": 1, "bill_no": "494"}}, {"model": "transaction.salestransaction", "pk": 159, "fields": {"date": "2024-10-07T07:34:13.929Z", "name": "milan rai", "phone_number": "00", "total_amount": 52000.0, "enterprise": 1, "bill_no": "500"}}, {"model": "transaction.salestransaction", "pk": 160, "fields": {"date": "2024-10-07T09:40:30.890Z", "name": "sarita kumari", "phone_number": "9828798960", "total_amount": 23000.0, "enterprise": 1, "bill_no": "504"}}, {"model": "transaction.salestransaction", "pk": 161, "fields": {"date": "2024-10-08T02:50:26.321Z", "name": "PRAMESH SODA", "phone_number": "00", "total_amount": 13800.0, "enterprise": 1, "bill_no": "502"}}, {"model": "transaction.salestransaction", "pk": 162, "fields": {"date": "2024-10-08T02:51:32.652Z", "name": "suman basnyat", "phone_number": "00", "total_amount": 19500.0, "enterprise": 1, "bill_no": "503"}}, {"model": "transaction.salestransaction", "pk": 163, "fields": {"date": "2024-10-08T23:17:04.194Z", "name": "PAWAN THAKURI", "phone_number": "00", "total_amount": 15500.0, "enterprise": 1, "bill_no": "505"}}, {"model": "transaction.salestransaction", "pk": 164, "fields": {"date": "2024-10-08T23:18:16.318Z", "name": "REKHA LIMBU", "phone_number": "00", "total_amount": 25500.0, "enterprise": 1, "bill_no": "506"}}, {"model": "transaction.salestransaction", "pk": 165, "fields": {"date": "2024-10-08T23:19:04.931Z", "name": "bachhelal prasad yadav", "phone_number": "00", "total_amount": 15500.0, "enterprise": 1, "bill_no": "507"}}, {"model": "transaction.salestransaction", "pk": 166, "fields": {"date": "2024-10-08T23:19:46.154Z", "name": "BIMAL GURUNG", "phone_number": "00", "total_amount": 15500.0, "enterprise": 1, "bill_no": "508"}}, {"model": "transaction.salestransaction", "pk": 167, "fields": {"date": "2024-10-08T23:20:32.479Z", "name": "SANDIP DAHAL", "phone_number": "00", "total_amount": 63000.0, "enterprise": 1, "bill_no": "509"}}, {"model": "transaction.salestransaction", "pk": 168, "fields": {"date": "2024-10-08T23:21:12.188Z", "name": "KUMAR DAHAL", "phone_number": "00", "total_amount": 14500.0, "enterprise": 1, "bill_no": "510"}}, {"model": "transaction.salestransaction", "pk": 169, "fields": {"date": "2024-10-08T23:29:58.587Z", "name": "PRABHAT BHANDARI", "phone_number": "000", "total_amount": 14500.0, "enterprise": 1, "bill_no": "511"}}, {"model": "transaction.salestransaction", "pk": 170, "fields": {"date": "2024-10-08T23:31:34.987Z", "name": "SHURYA TAMANG", "phone_number": "00", "total_amount": 34000.0, "enterprise": 1, "bill_no": "512"}}, {"model": "transaction.salestransaction", "pk": 171, "fields": {"date": "2024-10-08T23:32:22.425Z", "name": "PARIKSHID SUBEDI", "phone_number": "00", "total_amount": 28000.0, "enterprise": 1, "bill_no": "513"}}, {"model": "transaction.salestransaction", "pk": 172, "fields": {"date": "2024-10-08T23:42:36.392Z", "name": "ROSHAN THAPA MAGAR", "phone_number": "00", "total_amount": 15500.0, "enterprise": 1, "bill_no": "515"}}, {"model": "transaction.salestransaction", "pk": 173, "fields": {"date": "2024-10-08T23:45:31.440Z", "name": "KEDAR RIJAL", "phone_number": "0000", "total_amount": 30000.0, "enterprise": 1, "bill_no": "516"}}, {"model": "transaction.salestransaction", "pk": 174, "fields": {"date": "2024-10-08T23:46:10.739Z", "name": "KESHAV ADHIKARI", "phone_number": "00", "total_amount": 26000.0, "enterprise": 1, "bill_no": "517"}}, {"model": "transaction.salestransaction", "pk": 175, "fields": {"date": "2024-10-08T23:46:48.208Z", "name": "KIM BAHADUR PUN MAGAR", "phone_number": "000", "total_amount": 69000.0, "enterprise": 1, "bill_no": "518"}}, {"model": "transaction.salestransaction", "pk": 176, "fields": {"date": "2024-10-08T23:47:24.014Z", "name": "CHET BAHADUR KARKI", "phone_number": "000", "total_amount": 30000.0, "enterprise": 1, "bill_no": "519"}}, {"model": "transaction.salestransaction", "pk": 177, "fields": {"date": "2024-10-08T23:48:02.552Z", "name": "NIRAJAN BOM", "phone_number": "000", "total_amount": 52000.0, "enterprise": 1, "bill_no": "521"}}, {"model": "transaction.salestransaction", "pk": 178, "fields": {"date": "2024-10-09T00:50:50.501Z", "name": "SUBASH ADHIKARI", "phone_number": "000", "total_amount": 48000.0, "enterprise": 1, "bill_no": "522"}}, {"model": "transaction.salestransaction", "pk": 179, "fields": {"date": "2024-10-09T00:51:33.756Z", "name": "RESHAM TAMANG", "phone_number": "000", "total_amount": 14300.0, "enterprise": 1, "bill_no": "523"}}, {"model": "transaction.salestransaction", "pk": 180, "fields": {"date": "2024-10-09T00:52:13.575Z", "name": "TEPENDRA BHUJEL", "phone_number": "000", "total_amount": 52000.0, "enterprise": 1, "bill_no": "524"}}, {"model": "transaction.salestransaction", "pk": 181, "fields": {"date": "2024-10-09T00:52:52.781Z", "name": "Bipana shrestha", "phone_number": "00", "total_amount": 26000.0, "enterprise": 1, "bill_no": "525"}}, {"model": "transaction.salestransaction", "pk": 182, "fields": {"date": "2024-10-09T05:31:46.820Z", "name": "anjal pathak", "phone_number": "00", "total_amount": 14500.0, "enterprise": 1, "bill_no": "526"}}, {"model": "transaction.salestransaction", "pk": 183, "fields": {"date": "2024-10-09T05:32:29.408Z", "name": "saroj khatri", "phone_number": "000", "total_amount": 28000.0, "enterprise": 1, "bill_no": "527"}}, {"model": "transaction.salestransaction", "pk": 184, "fields": {"date": "2024-10-09T05:33:18.585Z", "name": "punam gurung", "phone_number": "000", "total_amount": 28000.0, "enterprise": 1, "bill_no": "528"}}, {"model": "transaction.salestransaction", "pk": 185, "fields": {"date": "2024-10-09T05:33:58.765Z", "name": "sionam sherpa", "phone_number": "00", "total_amount": 14500.0, "enterprise": 1, "bill_no": "529"}}, {"model": "transaction.salestransaction", "pk": 186, "fields": {"date": "2024-10-09T05:35:11.464Z", "name": "mina ghimire", "phone_number": "00", "total_amount": 22500.0, "enterprise": 1, "bill_no": "530"}}, {"model": "transaction.salestransaction", "pk": 187, "fields": {"date": "2024-10-09T05:35:50.910Z", "name": "nirmal raj bhujel", "phone_number": "00", "total_amount": 15500.0, "enterprise": 1, "bill_no": "531"}}, {"model": "transaction.salestransaction", "pk": 188, "fields": {"date": "2024-10-09T05:36:31.615Z", "name": "sanu kaji maharjan", "phone_number": "00", "total_amount": 34000.0, "enterprise": 1, "bill_no": "532"}}, {"model": "transaction.salestransaction", "pk": 189, "fields": {"date": "2024-10-09T05:37:12.296Z", "name": "ben bahadur", "phone_number": "00", "total_amount": 26000.0, "enterprise": 1, "bill_no": "533"}}, {"model": "transaction.salestransaction", "pk": 190, "fields": {"date": "2024-10-09T05:37:48.521Z", "name": "sanjita shrestha", "phone_number": "00", "total_amount": 54000.0, "enterprise": 1, "bill_no": "534"}}, {"model": "transaction.salestransaction", "pk": 191, "fields": {"date": "2024-10-09T05:38:28.810Z", "name": "rakesh yadav", "phone_number": "00", "total_amount": 86000.0, "enterprise": 1, "bill_no": "535"}}, {"model": "transaction.salestransaction", "pk": 192, "fields": {"date": "2024-10-09T05:42:17.159Z", "name": "gadimai manish daii", "phone_number": "00", "total_amount": 95500.0, "enterprise": 1, "bill_no": "00"}}, {"model": "transaction.salestransaction", "pk": 193, "fields": {"date": "2024-10-09T05:45:55.513Z", "name": "karma daii", "phone_number": "000", "total_amount": 90000.0, "enterprise": 1, "bill_no": "000"}}, {"model": "transaction.salestransaction", "pk": 194, "fields": {"date": "2024-10-09T07:08:48.726Z", "name": "gopi khatri", "phone_number": "00", "total_amount": 15500.0, "enterprise": 1, "bill_no": "536"}}, {"model": "transaction.salestransaction", "pk": 195, "fields": {"date": "2024-10-09T07:09:26.851Z", "name": "subash paudel", "phone_number": "00", "total_amount": 19000.0, "enterprise": 1, "bill_no": "537"}}, {"model": "transaction.salestransaction", "pk": 196, "fields": {"date": "2024-10-09T07:26:01.399Z", "name": "sundar bikram shah", "phone_number": "00", "total_amount": 155000.0, "enterprise": 1, "bill_no": "514"}}, {"model": "transaction.salestransaction", "pk": 197, "fields": {"date": "2024-10-09T07:38:50.253Z", "name": "bijaya kumar gautam", "phone_number": "000", "total_amount": 34000.0, "enterprise": 1, "bill_no": "501"}}, {"model": "transaction.salestransaction", "pk": 198, "fields": {"date": "2024-10-09T07:49:51.653Z", "name": "ram", "phone_number": "00", "total_amount": 14000.0, "enterprise": 1, "bill_no": "538"}}, {"model": "transaction.salestransaction", "pk": 199, "fields": {"date": "2024-10-17T02:51:23.371Z", "name": "na", "phone_number": "0", "total_amount": 14500.0, "enterprise": 1, "bill_no": "00"}}, {"model": "transaction.salestransaction", "pk": 200, "fields": {"date": "2024-10-17T02:52:03.496Z", "name": "na", "phone_number": "na", "total_amount": 18000.0, "enterprise": 1, "bill_no": "na"}}, {"model": "transaction.salestransaction", "pk": 201, "fields": {"date": "2024-10-03T02:57:48.375Z", "name": "na", "phone_number": "00", "total_amount": 30000.0, "enterprise": 1, "bill_no": "00"}}, {"model": "transaction.salestransaction", "pk": 202, "fields": {"date": "2024-10-17T03:05:06.672Z", "name": "amrit tamag", "phone_number": "00", "total_amount": 34000.0, "enterprise": 1, "bill_no": "539"}}, {"model": "transaction.salestransaction", "pk": 203, "fields": {"date": "2024-10-17T03:05:51.635Z", "name": "bhywan tmg", "phone_number": "00", "total_amount": 52000.0, "enterprise": 1, "bill_no": "540"}}, {"model": "transaction.salestransaction", "pk": 204, "fields": {"date": "2024-10-17T03:08:02.809Z", "name": "hem", "phone_number": "00", "total_amount": 16500.0, "enterprise": 1, "bill_no": "541"}}, {"model": "transaction.salestransaction", "pk": 205, "fields": {"date": "2024-10-17T03:09:40.287Z", "name": "mamata", "phone_number": "0", "total_amount": 61000.0, "enterprise": 1, "bill_no": "542"}}, {"model": "transaction.salestransaction", "pk": 206, "fields": {"date": "2024-10-17T03:10:18.560Z", "name": "rita", "phone_number": "00", "total_amount": 15000.0, "enterprise": 1, "bill_no": "548"}}, {"model": "transaction.salestransaction", "pk": 207, "fields": {"date": "2024-10-17T03:12:03.876Z", "name": "samrat", "phone_number": "00", "total_amount": 26000.0, "enterprise": 1, "bill_no": "545"}}, {"model": "transaction.salestransaction", "pk": 208, "fields": {"date": "2024-10-17T03:12:44.694Z", "name": "manoj tamang", "phone_number": "00", "total_amount": 34000.0, "enterprise": 1, "bill_no": "546"}}, {"model": "transaction.salestransaction", "pk": 209, "fields": {"date": "2024-10-17T03:13:50.982Z", "name": "krishna bahadur", "phone_number": "00", "total_amount": 28000.0, "enterprise": 1, "bill_no": "547"}}, {"model": "transaction.salestransaction", "pk": 210, "fields": {"date": "2024-10-17T03:15:43.557Z", "name": "rohit", "phone_number": "00", "total_amount": 25500.0, "enterprise": 1, "bill_no": "548"}}, {"model": "transaction.salestransaction", "pk": 211, "fields": {"date": "2024-10-17T03:16:39.202Z", "name": "manita", "phone_number": "00", "total_amount": 47000.0, "enterprise": 1, "bill_no": "550"}}, {"model": "transaction.salestransaction", "pk": 212, "fields": {"date": "2024-10-17T06:51:54.014Z", "name": "sandip", "phone_number": "00", "total_amount": 28000.0, "enterprise": 1, "bill_no": "551"}}, {"model": "transaction.salestransaction", "pk": 213, "fields": {"date": "2024-10-17T06:52:35.065Z", "name": "salina shah", "phone_number": "00", "total_amount": 52000.0, "enterprise": 1, "bill_no": "552"}}, {"model": "transaction.salestransaction", "pk": 214, "fields": {"date": "2024-10-17T06:53:12.029Z", "name": "kumar magar", "phone_number": "00", "total_amount": 11500.0, "enterprise": 1, "bill_no": "553"}}, {"model": "transaction.salestransaction", "pk": 215, "fields": {"date": "2024-10-17T06:53:46.724Z", "name": "shirish tharu", "phone_number": "00", "total_amount": 26000.0, "enterprise": 1, "bill_no": "554"}}, {"model": "transaction.salestransaction", "pk": 216, "fields": {"date": "2024-10-17T06:54:25.301Z", "name": "sushil kumar yadav", "phone_number": "00", "total_amount": 26000.0, "enterprise": 1, "bill_no": "555"}}, {"model": "transaction.salestransaction", "pk": 217, "fields": {"date": "2024-10-17T06:55:01.658Z", "name": "suman kc", "phone_number": "00", "total_amount": 19500.0, "enterprise": 1, "bill_no": "556"}}, {"model": "transaction.salestransaction", "pk": 218, "fields": {"date": "2024-10-17T06:55:37.923Z", "name": "557", "phone_number": "00", "total_amount": 45000.0, "enterprise": 1, "bill_no": "557"}}, {"model": "transaction.salestransaction", "pk": 219, "fields": {"date": "2024-10-17T06:56:13.297Z", "name": "trinity", "phone_number": "00", "total_amount": 26000.0, "enterprise": 1, "bill_no": "558"}}, {"model": "transaction.salestransaction", "pk": 220, "fields": {"date": "2024-10-17T07:03:22.969Z", "name": "indra sir", "phone_number": "00", "total_amount": 200000.0, "enterprise": 1, "bill_no": "00"}}, {"model": "transaction.salestransaction", "pk": 221, "fields": {"date": "2024-10-17T07:08:25.189Z", "name": "mohamad", "phone_number": "00", "total_amount": 52000.0, "enterprise": 1, "bill_no": "00"}}, {"model": "transaction.salestransaction", "pk": 222, "fields": {"date": "2024-10-17T07:10:51.480Z", "name": "atal", "phone_number": "00", "total_amount": 28000.0, "enterprise": 1, "bill_no": "00"}}, {"model": "transaction.salestransaction", "pk": 223, "fields": {"date": "2024-10-17T07:26:39.689Z", "name": "agrim bhandari", "phone_number": "00", "total_amount": 34000.0, "enterprise": 1, "bill_no": "559"}}, {"model": "transaction.salestransaction", "pk": 224, "fields": {"date": "2024-10-17T07:37:29.134Z", "name": "smart", "phone_number": "00", "total_amount": 15500.0, "enterprise": 1, "bill_no": "544"}}, {"model": "transaction.salestransaction", "pk": 225, "fields": {"date": "2024-10-17T07:41:38.180Z", "name": "customer", "phone_number": "98", "total_amount": 18500.0, "enterprise": 1, "bill_no": "00"}}, {"model": "transaction.salestransaction", "pk": 226, "fields": {"date": "2024-10-18T05:46:14.949Z", "name": "na", "phone_number": "01", "total_amount": 23000.0, "enterprise": 1, "bill_no": "00"}}, {"model": "transaction.salestransaction", "pk": 227, "fields": {"date": "2024-10-18T05:46:57.545Z", "name": "rita sunwar", "phone_number": "00", "total_amount": 18000.0, "enterprise": 1, "bill_no": "00"}}, {"model": "transaction.salestransaction", "pk": 228, "fields": {"date": "2024-10-18T07:04:52.278Z", "name": "NA", "phone_number": "01", "total_amount": 46000.0, "enterprise": 1, "bill_no": "00"}}, {"model": "transaction.salestransaction", "pk": 229, "fields": {"date": "2024-10-18T07:06:03.673Z", "name": "BISHAL RAI", "phone_number": "00", "total_amount": 19500.0, "enterprise": 1, "bill_no": "562"}}, {"model": "transaction.salestransaction", "pk": 230, "fields": {"date": "2024-10-18T07:07:27.719Z", "name": "SAPANA MAHARJAN", "phone_number": "00", "total_amount": 52000.0, "enterprise": 1, "bill_no": "565"}}, {"model": "transaction.salestransaction", "pk": 231, "fields": {"date": "2024-10-19T06:39:11.338Z", "name": "hira chhetri", "phone_number": "98", "total_amount": 13000.0, "enterprise": 1, "bill_no": "566"}}, {"model": "transaction.sales", "pk": 1, "fields": {"phone": 45, "imei_number": "351680500163260", "unit_price": 19500.0, "profit": 929.0, "sales_transaction": 1}}, {"model": "transaction.sales", "pk": 2, "fields": {"phone": 74, "imei_number": "353022851441920", "unit_price": 13000.0, "profit": 620.0, "sales_transaction": 2}}, {"model": "transaction.sales", "pk": 3, "fields": {"phone": 38, "imei_number": "358311602949819", "unit_price": 34000.0, "profit": 1620.0, "sales_transaction": 3}}, {"model": "transaction.sales", "pk": 4, "fields": {"phone": 44, "imei_number": "351247890179403", "unit_price": 17500.0, "profit": 834.0, "sales_transaction": 4}}, {"model": "transaction.sales", "pk": 5, "fields": {"phone": 51, "imei_number": "860380068671218", "unit_price": 37000.0, "profit": 1762.0, "sales_transaction": 5}}, {"model": "transaction.sales", "pk": 6, "fields": {"phone": 36, "imei_number": "351766318518777", "unit_price": 28000.0, "profit": 1334.0, "sales_transaction": 6}}, {"model": "transaction.sales", "pk": 7, "fields": {"phone": 42, "imei_number": "350814493381826", "unit_price": 26000.0, "profit": 1239.0, "sales_transaction": 7}}, {"model": "transaction.sales", "pk": 8, "fields": {"phone": 8, "imei_number": "869511062395237", "unit_price": 16500.0, "profit": 310.0, "sales_transaction": 8}}, {"model": "transaction.sales", "pk": 9, "fields": {"phone": 36, "imei_number": "351766318517167", "unit_price": 28000.0, "profit": 1334.0, "sales_transaction": 9}}, {"model": "transaction.sales", "pk": 10, "fields": {"phone": 63, "imei_number": "861324077843425", "unit_price": 19000.0, "profit": 905.0, "sales_transaction": 10}}, {"model": "transaction.sales", "pk": 12, "fields": {"phone": 2, "imei_number": "869029071231855", "unit_price": 65000.0, "profit": 2143.0, "sales_transaction": 12}}, {"model": "transaction.sales", "pk": 13, "fields": {"phone": 38, "imei_number": "358311602967837", "unit_price": 34000.0, "profit": 1620.0, "sales_transaction": 13}}, {"model": "transaction.sales", "pk": 14, "fields": {"phone": 39, "imei_number": "354027550346824", "unit_price": 54000.0, "profit": 4477.0, "sales_transaction": 14}}, {"model": "transaction.sales", "pk": 15, "fields": {"phone": 42, "imei_number": "350814492687033", "unit_price": 26000.0, "profit": 1239.0, "sales_transaction": 15}}, {"model": "transaction.sales", "pk": 16, "fields": {"phone": 38, "imei_number": "358311602817107", "unit_price": 34000.0, "profit": 1620.0, "sales_transaction": 16}}, {"model": "transaction.sales", "pk": 17, "fields": {"phone": 27, "imei_number": "352722662031759", "unit_price": 185000.0, "profit": 7400.0, "sales_transaction": 17}}, {"model": "transaction.sales", "pk": 18, "fields": {"phone": 58, "imei_number": "861520071807361", "unit_price": 48000.0, "profit": -2476.0, "sales_transaction": 18}}, {"model": "transaction.sales", "pk": 19, "fields": {"phone": 56, "imei_number": "351740831024381", "unit_price": 36300.0, "profit": 0.0, "sales_transaction": 19}}, {"model": "transaction.sales", "pk": 20, "fields": {"phone": 19, "imei_number": "868396070676682", "unit_price": 13200.0, "profit": 343.0, "sales_transaction": 20}}, {"model": "transaction.sales", "pk": 21, "fields": {"phone": 58, "imei_number": "867302071042586", "unit_price": 48000.0, "profit": -2000.0, "sales_transaction": 21}}, {"model": "transaction.sales", "pk": 22, "fields": {"phone": 72, "imei_number": "355392970806909", "unit_price": 19000.0, "profit": -47.0, "sales_transaction": 22}}, {"model": "transaction.sales", "pk": 23, "fields": {"phone": 36, "imei_number": "351766318529681", "unit_price": 28000.0, "profit": 1334.0, "sales_transaction": 23}}, {"model": "transaction.sales", "pk": 24, "fields": {"phone": 29, "imei_number": "356163310524323", "unit_price": 143000.0, "profit": 5500.0, "sales_transaction": 24}}, {"model": "transaction.sales", "pk": 25, "fields": {"phone": 34, "imei_number": "350115574915429", "unit_price": 47000.0, "profit": 1808.0, "sales_transaction": 25}}, {"model": "transaction.sales", "pk": 26, "fields": {"phone": 31, "imei_number": "352053268090910", "unit_price": 63000.0, "profit": 3000.0, "sales_transaction": 26}}, {"model": "transaction.sales", "pk": 27, "fields": {"phone": 74, "imei_number": "353022850320349", "unit_price": 12500.0, "profit": 294.0, "sales_transaction": 27}}, {"model": "transaction.sales", "pk": 28, "fields": {"phone": 14, "imei_number": "862492062862616", "unit_price": 15500.0, "profit": 739.0, "sales_transaction": 28}}, {"model": "transaction.sales", "pk": 29, "fields": {"phone": 29, "imei_number": "356163310524315", "unit_price": 143000.0, "profit": 5720.0, "sales_transaction": 29}}, {"model": "transaction.sales", "pk": 30, "fields": {"phone": 19, "imei_number": "868396070669735", "unit_price": 13200.0, "profit": 343.0, "sales_transaction": 30}}, {"model": "transaction.sales", "pk": 31, "fields": {"phone": 28, "imei_number": "350411873807379", "unit_price": 86000.0, "profit": 3308.0, "sales_transaction": 31}}, {"model": "transaction.sales", "pk": 32, "fields": {"phone": 69, "imei_number": "352064298881962", "unit_price": 16000.0, "profit": -190.0, "sales_transaction": 32}}, {"model": "transaction.sales", "pk": 33, "fields": {"phone": 74, "imei_number": "353022851410560", "unit_price": 12000.0, "profit": -380.0, "sales_transaction": 33}}, {"model": "transaction.sales", "pk": 34, "fields": {"phone": 26, "imei_number": "357164768342761", "unit_price": 204500.0, "profit": 6424.0, "sales_transaction": 34}}, {"model": "transaction.sales", "pk": 35, "fields": {"phone": 42, "imei_number": "350814492326749", "unit_price": 26000.0, "profit": 1239.0, "sales_transaction": 35}}, {"model": "transaction.sales", "pk": 36, "fields": {"phone": 35, "imei_number": "350722243446304", "unit_price": 52000.0, "profit": 2477.0, "sales_transaction": 36}}, {"model": "transaction.sales", "pk": 37, "fields": {"phone": 37, "imei_number": "351766317291525", "unit_price": 30000.0, "profit": 1429.0, "sales_transaction": 37}}, {"model": "transaction.sales", "pk": 38, "fields": {"phone": 31, "imei_number": "532053266261687", "unit_price": 63000.0, "profit": 3000.0, "sales_transaction": 38}}, {"model": "transaction.sales", "pk": 39, "fields": {"phone": 34, "imei_number": "350115575334653", "unit_price": 47000.0, "profit": 1808.0, "sales_transaction": 39}}, {"model": "transaction.sales", "pk": 40, "fields": {"phone": 40, "imei_number": "358308820321888", "unit_price": 45000.0, "profit": 2143.0, "sales_transaction": 40}}, {"model": "transaction.sales", "pk": 41, "fields": {"phone": 37, "imei_number": "351766317605690", "unit_price": 30000.0, "profit": 1429.0, "sales_transaction": 41}}, {"model": "transaction.sales", "pk": 42, "fields": {"phone": 77, "imei_number": "356899450573550", "unit_price": 26000.0, "profit": 6050.0, "sales_transaction": 42}}, {"model": "transaction.sales", "pk": 43, "fields": {"phone": 43, "imei_number": "350284940902907", "unit_price": 15500.0, "profit": 739.0, "sales_transaction": 43}}, {"model": "transaction.sales", "pk": 44, "fields": {"phone": 34, "imei_number": "350115575475043", "unit_price": 47000.0, "profit": 2239.0, "sales_transaction": 44}}, {"model": "transaction.sales", "pk": 45, "fields": {"phone": 84, "imei_number": "866986073836234", "unit_price": 14500.0, "profit": 0.0, "sales_transaction": 45}}, {"model": "transaction.sales", "pk": 46, "fields": {"phone": 34, "imei_number": "350115575439528", "unit_price": 47000.0, "profit": 0.0, "sales_transaction": 46}}, {"model": "transaction.sales", "pk": 47, "fields": {"phone": 31, "imei_number": "352053269651199", "unit_price": 63000.0, "profit": -5000.0, "sales_transaction": 47}}, {"model": "transaction.sales", "pk": 48, "fields": {"phone": 37, "imei_number": "351766317685049", "unit_price": 30000.0, "profit": 1429.0, "sales_transaction": 48}}, {"model": "transaction.sales", "pk": 49, "fields": {"phone": 38, "imei_number": "358311602949967", "unit_price": 34000.0, "profit": 1620.0, "sales_transaction": 49}}, {"model": "transaction.sales", "pk": 50, "fields": {"phone": 34, "imei_number": "350115575439858", "unit_price": 47000.0, "profit": 0.0, "sales_transaction": 50}}, {"model": "transaction.sales", "pk": 51, "fields": {"phone": 6, "imei_number": "865950075963991", "unit_price": 22500.0, "profit": 596.0, "sales_transaction": 51}}, {"model": "transaction.sales", "pk": 52, "fields": {"phone": 7, "imei_number": "865950076507995", "unit_price": 27000.0, "profit": 334.0, "sales_transaction": 52}}, {"model": "transaction.sales", "pk": 53, "fields": {"phone": 10, "imei_number": "867907078019534", "unit_price": 25000.0, "profit": 1191.0, "sales_transaction": 53}}, {"model": "transaction.sales", "pk": 54, "fields": {"phone": 6, "imei_number": "865950076043074", "unit_price": 23000.0, "profit": 1096.0, "sales_transaction": 54}}, {"model": "transaction.sales", "pk": 55, "fields": {"phone": 85, "imei_number": "863929079900870", "unit_price": 18000.0, "profit": 0.0, "sales_transaction": 55}}, {"model": "transaction.sales", "pk": 56, "fields": {"phone": 77, "imei_number": "356899450566273", "unit_price": 21000.0, "profit": 1050.0, "sales_transaction": 56}}, {"model": "transaction.sales", "pk": 57, "fields": {"phone": 43, "imei_number": "350284941058451", "unit_price": 15500.0, "profit": 0.0, "sales_transaction": 57}}, {"model": "transaction.sales", "pk": 58, "fields": {"phone": 37, "imei_number": "351766317692904", "unit_price": 30000.0, "profit": 1429.0, "sales_transaction": 58}}, {"model": "transaction.sales", "pk": 59, "fields": {"phone": 37, "imei_number": "351766317290139", "unit_price": 30000.0, "profit": 1429.0, "sales_transaction": 59}}, {"model": "transaction.sales", "pk": 60, "fields": {"phone": 43, "imei_number": "350284941182293", "unit_price": 15500.0, "profit": 0.0, "sales_transaction": 60}}, {"model": "transaction.sales", "pk": 61, "fields": {"phone": 85, "imei_number": "863929079150674", "unit_price": 18000.0, "profit": 0.0, "sales_transaction": 61}}, {"model": "transaction.sales", "pk": 62, "fields": {"phone": 60, "imei_number": "860688071652581", "unit_price": 33000.0, "profit": 1572.0, "sales_transaction": 62}}, {"model": "transaction.sales", "pk": 63, "fields": {"phone": 38, "imei_number": "358311602977299", "unit_price": 34000.0, "profit": 0.0, "sales_transaction": 63}}, {"model": "transaction.sales", "pk": 64, "fields": {"phone": 77, "imei_number": "356899450565648", "unit_price": 21000.0, "profit": 0.0, "sales_transaction": 64}}, {"model": "transaction.sales", "pk": 65, "fields": {"phone": 75, "imei_number": "353578852384740", "unit_price": 200000.0, "profit": 8000.0, "sales_transaction": 65}}, {"model": "transaction.sales", "pk": 66, "fields": {"phone": 43, "imei_number": "350284940995356", "unit_price": 15500.0, "profit": 739.0, "sales_transaction": 66}}, {"model": "transaction.sales", "pk": 67, "fields": {"phone": 77, "imei_number": "356899450569327", "unit_price": 21000.0, "profit": 0.0, "sales_transaction": 67}}, {"model": "transaction.sales", "pk": 68, "fields": {"phone": 85, "imei_number": "863929079168270", "unit_price": 18000.0, "profit": 0.0, "sales_transaction": 68}}, {"model": "transaction.sales", "pk": 69, "fields": {"phone": 67, "imei_number": "860348070647567", "unit_price": 14000.0, "profit": 667.0, "sales_transaction": 69}}, {"model": "transaction.sales", "pk": 70, "fields": {"phone": 76, "imei_number": "861520073416765", "unit_price": 45000.0, "profit": 2143.0, "sales_transaction": 70}}, {"model": "transaction.sales", "pk": 71, "fields": {"phone": 2, "imei_number": "869029071196678", "unit_price": 66000.0, "profit": 3143.0, "sales_transaction": 71}}, {"model": "transaction.sales", "pk": 72, "fields": {"phone": 28, "imei_number": "350411873807213", "unit_price": 86000.0, "profit": 3308.0, "sales_transaction": 72}}, {"model": "transaction.sales", "pk": 73, "fields": {"phone": 84, "imei_number": "866986073845177", "unit_price": 14000.0, "profit": -500.0, "sales_transaction": 73}}, {"model": "transaction.sales", "pk": 74, "fields": {"phone": 33, "imei_number": "350968170554384", "unit_price": 60000.0, "profit": 2858.0, "sales_transaction": 74}}, {"model": "transaction.sales", "pk": 75, "fields": {"phone": 29, "imei_number": "356163310643891", "unit_price": 143000.0, "profit": 5719.690000000002, "sales_transaction": 75}}, {"model": "transaction.sales", "pk": 76, "fields": {"phone": 16, "imei_number": "860373067585158", "unit_price": 51000.0, "profit": 2429.0, "sales_transaction": 76}}, {"model": "transaction.sales", "pk": 77, "fields": {"phone": 34, "imei_number": "350115575890936", "unit_price": 47000.0, "profit": 0.0, "sales_transaction": 77}}, {"model": "transaction.sales", "pk": 78, "fields": {"phone": 77, "imei_number": "356899450577395", "unit_price": 20500.0, "profit": -500.0, "sales_transaction": 78}}, {"model": "transaction.sales", "pk": 79, "fields": {"phone": 32, "imei_number": "352053268517334", "unit_price": 68000.0, "profit": 3239.0, "sales_transaction": 79}}, {"model": "transaction.sales", "pk": 80, "fields": {"phone": 43, "imei_number": "350284941185064", "unit_price": 15500.0, "profit": 928.7800000000007, "sales_transaction": 80}}, {"model": "transaction.sales", "pk": 81, "fields": {"phone": 27, "imei_number": "352722661989338", "unit_price": 185000.0, "profit": 3127.6300000000047, "sales_transaction": 81}}, {"model": "transaction.sales", "pk": 82, "fields": {"phone": 59, "imei_number": "860834070005864", "unit_price": 36000.0, "profit": 1715.0, "sales_transaction": 82}}, {"model": "transaction.sales", "pk": 83, "fields": {"phone": 38, "imei_number": "358311602995069", "unit_price": 34000.0, "profit": 0.0, "sales_transaction": 83}}, {"model": "transaction.sales", "pk": 84, "fields": {"phone": 36, "imei_number": "351766318531515", "unit_price": 28000.0, "profit": 1334.0, "sales_transaction": 84}}, {"model": "transaction.sales", "pk": 85, "fields": {"phone": 40, "imei_number": "358308820236565", "unit_price": 45000.0, "profit": 0.0, "sales_transaction": 85}}, {"model": "transaction.sales", "pk": 86, "fields": {"phone": 36, "imei_number": "351766318531655", "unit_price": 28000.0, "profit": 0.0, "sales_transaction": 86}}, {"model": "transaction.sales", "pk": 87, "fields": {"phone": 32, "imei_number": "352053269653674", "unit_price": 68000.0, "profit": 0.0, "sales_transaction": 87}}, {"model": "transaction.sales", "pk": 88, "fields": {"phone": 84, "imei_number": "866986077716556", "unit_price": 14100.0, "profit": 291.39999999999964, "sales_transaction": 88}}, {"model": "transaction.sales", "pk": 89, "fields": {"phone": 6, "imei_number": "865950075941716", "unit_price": 22000.0, "profit": -1000.0, "sales_transaction": 89}}, {"model": "transaction.sales", "pk": 90, "fields": {"phone": 77, "imei_number": "356899450565614", "unit_price": 21000.0, "profit": 0.0, "sales_transaction": 90}}, {"model": "transaction.sales", "pk": 91, "fields": {"phone": 85, "imei_number": "863929079123556", "unit_price": 18000.0, "profit": 857.9000000000015, "sales_transaction": 91}}, {"model": "transaction.sales", "pk": 92, "fields": {"phone": 84, "imei_number": "866986077199878", "unit_price": 14500.0, "profit": 0.0, "sales_transaction": 92}}, {"model": "transaction.sales", "pk": 93, "fields": {"phone": 84, "imei_number": "866986077199738", "unit_price": 14500.0, "profit": 691.3999999999996, "sales_transaction": 93}}, {"model": "transaction.sales", "pk": 94, "fields": {"phone": 24, "imei_number": "861789070803511", "unit_price": 44000.0, "profit": 2096.0, "sales_transaction": 94}}, {"model": "transaction.sales", "pk": 95, "fields": {"phone": 85, "imei_number": "863929079142796", "unit_price": 18000.0, "profit": 857.9000000000015, "sales_transaction": 95}}, {"model": "transaction.sales", "pk": 96, "fields": {"phone": 31, "imei_number": "352053268519363", "unit_price": 63000.0, "profit": 3000.0, "sales_transaction": 96}}, {"model": "transaction.sales", "pk": 97, "fields": {"phone": 77, "imei_number": "356899450569194", "unit_price": 21000.0, "profit": 0.0, "sales_transaction": 97}}, {"model": "transaction.sales", "pk": 98, "fields": {"phone": 27, "imei_number": "352722661979305", "unit_price": 185000.0, "profit": 7399.029999999999, "sales_transaction": 98}}, {"model": "transaction.sales", "pk": 99, "fields": {"phone": 85, "imei_number": "863929079771032", "unit_price": 18000.0, "profit": 857.9000000000015, "sales_transaction": 99}}, {"model": "transaction.sales", "pk": 100, "fields": {"phone": 32, "imei_number": "352053267390949", "unit_price": 68000.0, "profit": 3239.0, "sales_transaction": 100}}, {"model": "transaction.sales", "pk": 101, "fields": {"phone": 67, "imei_number": "860348078789502", "unit_price": 14000.0, "profit": 667.0, "sales_transaction": 101}}, {"model": "transaction.sales", "pk": 102, "fields": {"phone": 65, "imei_number": "863938076620225", "unit_price": 16000.0, "profit": 762.0, "sales_transaction": 102}}, {"model": "transaction.sales", "pk": 103, "fields": {"phone": 37, "imei_number": "351766318534691", "unit_price": 30000.0, "profit": 0.0, "sales_transaction": 103}}, {"model": "transaction.sales", "pk": 104, "fields": {"phone": 61, "imei_number": "869542064174627", "unit_price": 23500.0, "profit": 643.0, "sales_transaction": 104}}, {"model": "transaction.sales", "pk": 105, "fields": {"phone": 37, "imei_number": "351766318269918", "unit_price": 30000.0, "profit": 0.0, "sales_transaction": 105}}, {"model": "transaction.sales", "pk": 106, "fields": {"phone": 37, "imei_number": "351766318266302", "unit_price": 30000.0, "profit": 0.0, "sales_transaction": 106}}, {"model": "transaction.sales", "pk": 107, "fields": {"phone": 43, "imei_number": "350284941267268", "unit_price": 15500.0, "profit": 929.7800000000007, "sales_transaction": 107}}, {"model": "transaction.sales", "pk": 108, "fields": {"phone": 1, "imei_number": "867768054018837", "unit_price": 0.0, "profit": -30000.0, "sales_transaction": 108}}, {"model": "transaction.sales", "pk": 109, "fields": {"phone": 36, "imei_number": "351766318031268", "unit_price": 28000.0, "profit": 0.0, "sales_transaction": 109}}, {"model": "transaction.sales", "pk": 110, "fields": {"phone": 42, "imei_number": "350814493306617", "unit_price": 26000.0, "profit": 0.0, "sales_transaction": 110}}, {"model": "transaction.sales", "pk": 111, "fields": {"phone": 77, "imei_number": "356899450573428", "unit_price": 21000.0, "profit": 1050.0, "sales_transaction": 111}}, {"model": "transaction.sales", "pk": 112, "fields": {"phone": 77, "imei_number": "356899450581587", "unit_price": 21000.0, "profit": 0.0, "sales_transaction": 112}}, {"model": "transaction.sales", "pk": 113, "fields": {"phone": 34, "imei_number": "350115575889813", "unit_price": 47000.0, "profit": 0.0, "sales_transaction": 113}}, {"model": "transaction.sales", "pk": 114, "fields": {"phone": 37, "imei_number": "351766318526259", "unit_price": 30000.0, "profit": 0.0, "sales_transaction": 114}}, {"model": "transaction.sales", "pk": 115, "fields": {"phone": 27, "imei_number": "352722661978778", "unit_price": 185000.0, "profit": 7400.0, "sales_transaction": 115}}, {"model": "transaction.sales", "pk": 116, "fields": {"phone": 5, "imei_number": "868800071468999", "unit_price": 30000.0, "profit": 1429.0, "sales_transaction": 116}}, {"model": "transaction.sales", "pk": 117, "fields": {"phone": 25, "imei_number": "351509526034041", "unit_price": 95000.0, "profit": 3654.0, "sales_transaction": 117}}, {"model": "transaction.sales", "pk": 118, "fields": {"phone": 100, "imei_number": "350850550294981", "unit_price": 11200.0, "profit": -14.1200000000008, "sales_transaction": 118}}, {"model": "transaction.sales", "pk": 119, "fields": {"phone": 42, "imei_number": "350814492325964", "unit_price": 26000.0, "profit": 0.0, "sales_transaction": 119}}, {"model": "transaction.sales", "pk": 120, "fields": {"phone": 37, "imei_number": "351766318521391", "unit_price": 30000.0, "profit": 1499.1399999999994, "sales_transaction": 120}}, {"model": "transaction.sales", "pk": 121, "fields": {"phone": 85, "imei_number": "863929079146813", "unit_price": 17500.0, "profit": 357.90000000000146, "sales_transaction": 121}}, {"model": "transaction.sales", "pk": 122, "fields": {"phone": 38, "imei_number": "358311602986456", "unit_price": 34000.0, "profit": 1700.0, "sales_transaction": 122}}, {"model": "transaction.sales", "pk": 123, "fields": {"phone": 84, "imei_number": "866986075034952", "unit_price": 14000.0, "profit": 191.39999999999964, "sales_transaction": 123}}, {"model": "transaction.sales", "pk": 124, "fields": {"phone": 36, "imei_number": "351766318517050", "unit_price": 28000.0, "profit": 0.0, "sales_transaction": 124}}, {"model": "transaction.sales", "pk": 125, "fields": {"phone": 36, "imei_number": "351766317684026", "unit_price": 28000.0, "profit": 1334.0, "sales_transaction": 125}}, {"model": "transaction.sales", "pk": 126, "fields": {"phone": 39, "imei_number": "354027550342807", "unit_price": 54000.0, "profit": 3566.970000000001, "sales_transaction": 126}}, {"model": "transaction.sales", "pk": 127, "fields": {"phone": 39, "imei_number": "354027550346063", "unit_price": 54000.0, "profit": 2700.0, "sales_transaction": 127}}, {"model": "transaction.sales", "pk": 128, "fields": {"phone": 45, "imei_number": "351680500159151", "unit_price": 19500.0, "profit": 929.0, "sales_transaction": 128}}, {"model": "transaction.sales", "pk": 129, "fields": {"phone": 44, "imei_number": "351247890277918", "unit_price": 17500.0, "profit": 0.0, "sales_transaction": 129}}, {"model": "transaction.sales", "pk": 130, "fields": {"phone": 44, "imei_number": "351247890233564", "unit_price": 17500.0, "profit": 834.0, "sales_transaction": 130}}, {"model": "transaction.sales", "pk": 131, "fields": {"phone": 37, "imei_number": "351766319529500", "unit_price": 30000.0, "profit": 1499.1399999999994, "sales_transaction": 131}}, {"model": "transaction.sales", "pk": 132, "fields": {"phone": 32, "imei_number": "352485220067570", "unit_price": 68000.0, "profit": 0.0, "sales_transaction": 132}}, {"model": "transaction.sales", "pk": 133, "fields": {"phone": 38, "imei_number": "358311602993395", "unit_price": 34000.0, "profit": 1700.0, "sales_transaction": 133}}, {"model": "transaction.sales", "pk": 134, "fields": {"phone": 77, "imei_number": "356899450580373", "unit_price": 21000.0, "profit": 0.0, "sales_transaction": 134}}, {"model": "transaction.sales", "pk": 135, "fields": {"phone": 38, "imei_number": "358311602993775", "unit_price": 34000.0, "profit": 0.0, "sales_transaction": 135}}, {"model": "transaction.sales", "pk": 136, "fields": {"phone": 85, "imei_number": "863929079122038", "unit_price": 16000.0, "profit": -1119.5, "sales_transaction": 136}}, {"model": "transaction.sales", "pk": 137, "fields": {"phone": 36, "imei_number": "351766318518991", "unit_price": 28000.0, "profit": 0.0, "sales_transaction": 137}}, {"model": "transaction.sales", "pk": 138, "fields": {"phone": 43, "imei_number": "350284940917442", "unit_price": 15500.0, "profit": 929.7800000000007, "sales_transaction": 138}}, {"model": "transaction.sales", "pk": 139, "fields": {"phone": 38, "imei_number": "358311602993262", "unit_price": 34000.0, "profit": 1700.0, "sales_transaction": 139}}, {"model": "transaction.sales", "pk": 140, "fields": {"phone": 85, "imei_number": "863929079901035", "unit_price": 17200.0, "profit": -800.0, "sales_transaction": 140}}, {"model": "transaction.sales", "pk": 141, "fields": {"phone": 8, "imei_number": "866654067361771", "unit_price": 17000.0, "profit": 0.0, "sales_transaction": 141}}, {"model": "transaction.sales", "pk": 142, "fields": {"phone": 37, "imei_number": "351766319531084", "unit_price": 30000.0, "profit": 1499.1399999999994, "sales_transaction": 142}}, {"model": "transaction.sales", "pk": 143, "fields": {"phone": 42, "imei_number": "350814492327390", "unit_price": 26000.0, "profit": 1239.0, "sales_transaction": 143}}, {"model": "transaction.sales", "pk": 144, "fields": {"phone": 37, "imei_number": "351766319532280", "unit_price": 30000.0, "profit": 1499.1399999999994, "sales_transaction": 144}}, {"model": "transaction.sales", "pk": 145, "fields": {"phone": 38, "imei_number": "358311602977273", "unit_price": 34000.0, "profit": 1700.0, "sales_transaction": 145}}, {"model": "transaction.sales", "pk": 146, "fields": {"phone": 32, "imei_number": "352053269656701", "unit_price": 68000.0, "profit": 0.0, "sales_transaction": 146}}, {"model": "transaction.sales", "pk": 147, "fields": {"phone": 37, "imei_number": "351766318532687", "unit_price": 30000.0, "profit": 0.0, "sales_transaction": 147}}, {"model": "transaction.sales", "pk": 148, "fields": {"phone": 38, "imei_number": "358311603006668", "unit_price": 34000.0, "profit": 1698.9500000000007, "sales_transaction": 148}}, {"model": "transaction.sales", "pk": 149, "fields": {"phone": 4, "imei_number": "867190061215699", "unit_price": 33000.0, "profit": 1572.0, "sales_transaction": 149}}, {"model": "transaction.sales", "pk": 150, "fields": {"phone": 45, "imei_number": "351680500106327", "unit_price": 19500.0, "profit": 929.0, "sales_transaction": 150}}, {"model": "transaction.sales", "pk": 151, "fields": {"phone": 6, "imei_number": "865950075973396", "unit_price": 23000.0, "profit": 0.0, "sales_transaction": 151}}, {"model": "transaction.sales", "pk": 152, "fields": {"phone": 87, "imei_number": "864965079150628", "unit_price": 15750.0, "profit": -250.0, "sales_transaction": 152}}, {"model": "transaction.sales", "pk": 153, "fields": {"phone": 32, "imei_number": "352485220191107", "unit_price": 68000.0, "profit": 5000.0, "sales_transaction": 153}}, {"model": "transaction.sales", "pk": 154, "fields": {"phone": 84, "imei_number": "866986077706912", "unit_price": 14500.0, "profit": 691.3999999999996, "sales_transaction": 154}}, {"model": "transaction.sales", "pk": 155, "fields": {"phone": 84, "imei_number": "866986077678855", "unit_price": 14500.0, "profit": 691.3999999999996, "sales_transaction": 155}}, {"model": "transaction.sales", "pk": 156, "fields": {"phone": 32, "imei_number": "352053268564187", "unit_price": 68000.0, "profit": 3239.0, "sales_transaction": 156}}, {"model": "transaction.sales", "pk": 157, "fields": {"phone": 37, "imei_number": "351766317290055", "unit_price": 30000.0, "profit": 1429.0, "sales_transaction": 157}}, {"model": "transaction.sales", "pk": 158, "fields": {"phone": 5, "imei_number": "868800071469310", "unit_price": 30000.0, "profit": 1429.0, "sales_transaction": 158}}, {"model": "transaction.sales", "pk": 159, "fields": {"phone": 35, "imei_number": "350722243855116", "unit_price": 52000.0, "profit": 0.0, "sales_transaction": 159}}, {"model": "transaction.sales", "pk": 160, "fields": {"phone": 61, "imei_number": "869365073395847", "unit_price": 23000.0, "profit": 143.0, "sales_transaction": 160}}, {"model": "transaction.sales", "pk": 161, "fields": {"phone": 86, "imei_number": "868850076221604", "unit_price": 13800.0, "profit": -200.0, "sales_transaction": 161}}, {"model": "transaction.sales", "pk": 162, "fields": {"phone": 45, "imei_number": "351680500188325", "unit_price": 19500.0, "profit": 0.0, "sales_transaction": 162}}, {"model": "transaction.sales", "pk": 163, "fields": {"phone": 43, "imei_number": "350284941193282", "unit_price": 15500.0, "profit": 929.7800000000007, "sales_transaction": 163}}, {"model": "transaction.sales", "pk": 164, "fields": {"phone": 42, "imei_number": "350814493765903", "unit_price": 25500.0, "profit": 799.3300000000017, "sales_transaction": 164}}, {"model": "transaction.sales", "pk": 165, "fields": {"phone": 43, "imei_number": "350284941059020", "unit_price": 15500.0, "profit": 929.7800000000007, "sales_transaction": 165}}, {"model": "transaction.sales", "pk": 166, "fields": {"phone": 43, "imei_number": "350284941261261", "unit_price": 15500.0, "profit": 929.7800000000007, "sales_transaction": 166}}, {"model": "transaction.sales", "pk": 167, "fields": {"phone": 31, "imei_number": "352053269655877", "unit_price": 63000.0, "profit": 0.0, "sales_transaction": 167}}, {"model": "transaction.sales", "pk": 168, "fields": {"phone": 84, "imei_number": "866986077704495", "unit_price": 14500.0, "profit": 691.3999999999996, "sales_transaction": 168}}, {"model": "transaction.sales", "pk": 169, "fields": {"phone": 84, "imei_number": "866986077704891", "unit_price": 14500.0, "profit": 691.3999999999996, "sales_transaction": 169}}, {"model": "transaction.sales", "pk": 170, "fields": {"phone": 38, "imei_number": "358311602816042", "unit_price": 34000.0, "profit": 1698.9500000000007, "sales_transaction": 170}}, {"model": "transaction.sales", "pk": 171, "fields": {"phone": 36, "imei_number": "351766318030955", "unit_price": 28000.0, "profit": 1399.7999999999993, "sales_transaction": 171}}, {"model": "transaction.sales", "pk": 172, "fields": {"phone": 43, "imei_number": "350284941215101", "unit_price": 15500.0, "profit": 929.7800000000007, "sales_transaction": 172}}, {"model": "transaction.sales", "pk": 173, "fields": {"phone": 37, "imei_number": "351766318267698", "unit_price": 30000.0, "profit": 1429.0, "sales_transaction": 173}}, {"model": "transaction.sales", "pk": 174, "fields": {"phone": 42, "imei_number": "350814492808654", "unit_price": 26000.0, "profit": 1239.0, "sales_transaction": 174}}, {"model": "transaction.sales", "pk": 175, "fields": {"phone": 102, "imei_number": "352417945076057", "unit_price": 69000.0, "profit": 3450.9600000000064, "sales_transaction": 175}}, {"model": "transaction.sales", "pk": 176, "fields": {"phone": 37, "imei_number": "351766318519817", "unit_price": 30000.0, "profit": 1499.1399999999994, "sales_transaction": 176}}, {"model": "transaction.sales", "pk": 177, "fields": {"phone": 35, "imei_number": "350722243855942", "unit_price": 52000.0, "profit": 0.0, "sales_transaction": 177}}, {"model": "transaction.sales", "pk": 178, "fields": {"phone": 58, "imei_number": "867302071165445", "unit_price": 48000.0, "profit": 380.66999999999825, "sales_transaction": 178}}, {"model": "transaction.sales", "pk": 179, "fields": {"phone": 84, "imei_number": "866986075060171", "unit_price": 14300.0, "profit": 491.39999999999964, "sales_transaction": 179}}, {"model": "transaction.sales", "pk": 180, "fields": {"phone": 35, "imei_number": "350722243854689", "unit_price": 52000.0, "profit": 0.0, "sales_transaction": 180}}, {"model": "transaction.sales", "pk": 181, "fields": {"phone": 42, "imei_number": "350814493758379", "unit_price": 26000.0, "profit": 1299.3300000000017, "sales_transaction": 181}}, {"model": "transaction.sales", "pk": 182, "fields": {"phone": 84, "imei_number": "866986077708199", "unit_price": 14500.0, "profit": 691.3999999999996, "sales_transaction": 182}}, {"model": "transaction.sales", "pk": 183, "fields": {"phone": 36, "imei_number": "351766317554500", "unit_price": 28000.0, "profit": 1334.0, "sales_transaction": 183}}, {"model": "transaction.sales", "pk": 184, "fields": {"phone": 36, "imei_number": "351766318523413", "unit_price": 28000.0, "profit": 0.0, "sales_transaction": 184}}, {"model": "transaction.sales", "pk": 185, "fields": {"phone": 84, "imei_number": "866986075054315", "unit_price": 14500.0, "profit": 691.3999999999996, "sales_transaction": 185}}, {"model": "transaction.sales", "pk": 186, "fields": {"phone": 6, "imei_number": "865950076062116", "unit_price": 22500.0, "profit": -500.0, "sales_transaction": 186}}, {"model": "transaction.sales", "pk": 187, "fields": {"phone": 43, "imei_number": "350284941059004", "unit_price": 15500.0, "profit": 929.7800000000007, "sales_transaction": 187}}, {"model": "transaction.sales", "pk": 188, "fields": {"phone": 38, "imei_number": "358311603005959", "unit_price": 34000.0, "profit": 1698.9500000000007, "sales_transaction": 188}}, {"model": "transaction.sales", "pk": 189, "fields": {"phone": 42, "imei_number": "350814492330063", "unit_price": 26000.0, "profit": 1239.0, "sales_transaction": 189}}, {"model": "transaction.sales", "pk": 190, "fields": {"phone": 39, "imei_number": "354027550346840", "unit_price": 54000.0, "profit": 2699.1299999999974, "sales_transaction": 190}}, {"model": "transaction.sales", "pk": 191, "fields": {"phone": 28, "imei_number": "350411873807528", "unit_price": 86000.0, "profit": 3308.0, "sales_transaction": 191}}, {"model": "transaction.sales", "pk": 192, "fields": {"phone": 66, "imei_number": "868996072018922", "unit_price": 12000.0, "profit": 572.0, "sales_transaction": 192}}, {"model": "transaction.sales", "pk": 193, "fields": {"phone": 84, "imei_number": "866986075054174", "unit_price": 14500.0, "profit": 691.3999999999996, "sales_transaction": 192}}, {"model": "transaction.sales", "pk": 194, "fields": {"phone": 6, "imei_number": "865950076068493", "unit_price": 23000.0, "profit": 1096.0, "sales_transaction": 192}}, {"model": "transaction.sales", "pk": 195, "fields": {"phone": 85, "imei_number": "863929079143653", "unit_price": 18000.0, "profit": 857.9000000000015, "sales_transaction": 192}}, {"model": "transaction.sales", "pk": 196, "fields": {"phone": 7, "imei_number": "865950076485333", "unit_price": 28000.0, "profit": 0.0, "sales_transaction": 192}}, {"model": "transaction.sales", "pk": 197, "fields": {"phone": 25, "imei_number": "350308470190847", "unit_price": 90000.0, "profit": -249.7100000000064, "sales_transaction": 193}}, {"model": "transaction.sales", "pk": 198, "fields": {"phone": 43, "imei_number": "350284941183184", "unit_price": 15500.0, "profit": 929.7800000000007, "sales_transaction": 194}}, {"model": "transaction.sales", "pk": 199, "fields": {"phone": 50, "imei_number": "860154060384272", "unit_price": 19000.0, "profit": 905.0, "sales_transaction": 195}}, {"model": "transaction.sales", "pk": 200, "fields": {"phone": 103, "imei_number": "355951710401691", "unit_price": 155000.0, "profit": 6199.3399999999965, "sales_transaction": 196}}, {"model": "transaction.sales", "pk": 201, "fields": {"phone": 38, "imei_number": "358311603018044", "unit_price": 34000.0, "profit": 1698.9500000000007, "sales_transaction": 197}}, {"model": "transaction.sales", "pk": 202, "fields": {"phone": 84, "imei_number": "866986077704933", "unit_price": 14000.0, "profit": 191.39999999999964, "sales_transaction": 198}}, {"model": "transaction.sales", "pk": 203, "fields": {"phone": 84, "imei_number": "866986077705310", "unit_price": 14500.0, "profit": 691.3999999999996, "sales_transaction": 199}}, {"model": "transaction.sales", "pk": 204, "fields": {"phone": 85, "imei_number": "863929079762932", "unit_price": 18000.0, "profit": 857.9000000000015, "sales_transaction": 200}}, {"model": "transaction.sales", "pk": 205, "fields": {"phone": 21, "imei_number": "865200067570804", "unit_price": 30000.0, "profit": 1429.0, "sales_transaction": 201}}, {"model": "transaction.sales", "pk": 206, "fields": {"phone": 38, "imei_number": "358311602815093", "unit_price": 34000.0, "profit": 1698.9500000000007, "sales_transaction": 202}}, {"model": "transaction.sales", "pk": 207, "fields": {"phone": 35, "imei_number": "350722243445496", "unit_price": 52000.0, "profit": 0.0, "sales_transaction": 203}}, {"model": "transaction.sales", "pk": 208, "fields": {"phone": 12, "imei_number": "862145077424539", "unit_price": 16500.0, "profit": 1739.0, "sales_transaction": 204}}, {"model": "transaction.sales", "pk": 209, "fields": {"phone": 31, "imei_number": "352053269651702", "unit_price": 61000.0, "profit": -2000.0, "sales_transaction": 205}}, {"model": "transaction.sales", "pk": 210, "fields": {"phone": 43, "imei_number": "350284941263044", "unit_price": 15000.0, "profit": 429.78000000000065, "sales_transaction": 206}}, {"model": "transaction.sales", "pk": 211, "fields": {"phone": 42, "imei_number": "350814493308118", "unit_price": 26000.0, "profit": 1299.3300000000017, "sales_transaction": 207}}, {"model": "transaction.sales", "pk": 212, "fields": {"phone": 38, "imei_number": "358311603004655", "unit_price": 34000.0, "profit": 1698.9500000000007, "sales_transaction": 208}}, {"model": "transaction.sales", "pk": 213, "fields": {"phone": 36, "imei_number": "351766318530392", "unit_price": 28000.0, "profit": 0.0, "sales_transaction": 209}}, {"model": "transaction.sales", "pk": 214, "fields": {"phone": 62, "imei_number": "868886070947505", "unit_price": 25500.0, "profit": -1166.0, "sales_transaction": 210}}, {"model": "transaction.sales", "pk": 215, "fields": {"phone": 34, "imei_number": "350115575474756", "unit_price": 47000.0, "profit": 2239.0, "sales_transaction": 211}}, {"model": "transaction.sales", "pk": 216, "fields": {"phone": 36, "imei_number": "351766319519493", "unit_price": 28000.0, "profit": 1399.7999999999993, "sales_transaction": 212}}, {"model": "transaction.sales", "pk": 217, "fields": {"phone": 35, "imei_number": "350722242278245", "unit_price": 52000.0, "profit": 2477.0, "sales_transaction": 213}}, {"model": "transaction.sales", "pk": 218, "fields": {"phone": 100, "imei_number": "351044779498222", "unit_price": 11500.0, "profit": 285.8799999999992, "sales_transaction": 214}}, {"model": "transaction.sales", "pk": 219, "fields": {"phone": 42, "imei_number": "350814493311393", "unit_price": 26000.0, "profit": 1299.3300000000017, "sales_transaction": 215}}, {"model": "transaction.sales", "pk": 220, "fields": {"phone": 42, "imei_number": "350814493760771", "unit_price": 26000.0, "profit": 1299.3300000000017, "sales_transaction": 216}}, {"model": "transaction.sales", "pk": 221, "fields": {"phone": 45, "imei_number": "351680500211119", "unit_price": 19500.0, "profit": 1169.1399999999994, "sales_transaction": 217}}, {"model": "transaction.sales", "pk": 222, "fields": {"phone": 40, "imei_number": "358308820105828", "unit_price": 45000.0, "profit": 2249.8399999999965, "sales_transaction": 218}}, {"model": "transaction.sales", "pk": 223, "fields": {"phone": 42, "imei_number": "350814493760490", "unit_price": 26000.0, "profit": 1299.3300000000017, "sales_transaction": 219}}, {"model": "transaction.sales", "pk": 224, "fields": {"phone": 75, "imei_number": "353578852424645", "unit_price": 200000.0, "profit": 7999.440000000002, "sales_transaction": 220}}, {"model": "transaction.sales", "pk": 225, "fields": {"phone": 35, "imei_number": "350722242302276", "unit_price": 52000.0, "profit": 2477.0, "sales_transaction": 221}}, {"model": "transaction.sales", "pk": 226, "fields": {"phone": 36, "imei_number": "351766317593573", "unit_price": 28000.0, "profit": 1334.0, "sales_transaction": 222}}, {"model": "transaction.sales", "pk": 227, "fields": {"phone": 38, "imei_number": "358311603005629", "unit_price": 34000.0, "profit": 1698.9500000000007, "sales_transaction": 223}}, {"model": "transaction.sales", "pk": 228, "fields": {"phone": 43, "imei_number": "350284941216695", "unit_price": 15500.0, "profit": 929.7800000000007, "sales_transaction": 224}}, {"model": "transaction.sales", "pk": 229, "fields": {"phone": 88, "imei_number": "865642078312249", "unit_price": 18500.0, "profit": -500.0, "sales_transaction": 225}}, {"model": "transaction.sales", "pk": 230, "fields": {"phone": 6, "imei_number": "868884074145333", "unit_price": 23000.0, "profit": 1096.0800000000017, "sales_transaction": 226}}, {"model": "transaction.sales", "pk": 231, "fields": {"phone": 85, "imei_number": "863929079143893", "unit_price": 18000.0, "profit": 857.9000000000015, "sales_transaction": 227}}, {"model": "transaction.sales", "pk": 232, "fields": {"phone": 91, "imei_number": "864720067011252", "unit_price": 46000.0, "profit": 5000.010000000002, "sales_transaction": 228}}, {"model": "transaction.sales", "pk": 233, "fields": {"phone": 45, "imei_number": "351680500123041", "unit_price": 19500.0, "profit": 929.0, "sales_transaction": 229}}, {"model": "transaction.sales", "pk": 234, "fields": {"phone": 35, "imei_number": "350722242448392", "unit_price": 52000.0, "profit": 2477.0, "sales_transaction": 230}}, {"model": "transaction.sales", "pk": 235, "fields": {"phone": 74, "imei_number": "353022850238384", "unit_price": 13000.0, "profit": 794.0, "sales_transaction": 231}}, {"model": "transaction.scheme", "pk": 1, "fields": {"from_date": "2024-09-17", "to_date": "2024-10-31", "phone": 74, "enterprise": 1, "receivable": 4080, "brand": 9, "status": "active", "sales": [2, 27, 33, 235]}}, {"model": "transaction.scheme", "pk": 2, "fields": {"from_date": "2024-09-17", "to_date": "2024-10-31", "phone": 71, "enterprise": 1, "receivable": 0, "brand": 9, "status": "active", "sales": []}}, {"model": "transaction.scheme", "pk": 3, "fields": {"from_date": "2024-09-17", "to_date": "2024-10-31", "phone": 72, "enterprise": 1, "receivable": 1020, "brand": 9, "status": "active", "sales": [22]}}, {"model": "transaction.scheme", "pk": 4, "fields": {"from_date": "2024-09-17", "to_date": "2024-10-31", "phone": 73, "enterprise": 1, "receivable": 0, "brand": 9, "status": "active", "sales": []}}, {"model": "transaction.scheme", "pk": 5, "fields": {"from_date": "2024-09-17", "to_date": "2024-10-31", "phone": 27, "enterprise": 1, "receivable": 20000, "brand": 2, "status": "active", "sales": [17, 81, 98, 115]}}, {"model": "transaction.scheme", "pk": 6, "fields": {"from_date": "2024-09-17", "to_date": "2024-10-31", "phone": 75, "enterprise": 1, "receivable": 10000, "brand": 2, "status": "active", "sales": [65, 224]}}, {"model": "transaction.scheme", "pk": 7, "fields": {"from_date": "2024-09-17", "to_date": "2024-10-31", "phone": 29, "enterprise": 1, "receivable": 9000, "brand": 2, "status": "active", "sales": [24, 29, 75]}}, {"model": "transaction.scheme", "pk": 8, "fields": {"from_date": "2024-09-17", "to_date": "2024-10-31", "phone": 30, "enterprise": 1, "receivable": 0, "brand": 2, "status": "active", "sales": []}}, {"model": "transaction.scheme", "pk": 9, "fields": {"from_date": "2024-09-01", "to_date": "2024-10-31", "phone": 78, "enterprise": 1, "receivable": 0, "brand": 2, "status": "active", "sales": []}}, {"model": "transaction.scheme", "pk": 10, "fields": {"from_date": "2024-09-20", "to_date": "2024-09-30", "phone": 12, "enterprise": 1, "receivable": 0, "brand": 6, "status": "active", "sales": []}}, {"model": "transaction.scheme", "pk": 11, "fields": {"from_date": "2024-10-03", "to_date": "2024-11-30", "phone": 5, "enterprise": 1, "receivable": 0, "brand": 3, "status": "active", "sales": [116, 158]}}, {"model": "transaction.subscheme", "pk": 1, "fields": {"lowerbound": 1, "upperbound": 100, "cashback": 1020.0, "scheme": 1}}, {"model": "transaction.subscheme", "pk": 2, "fields": {"lowerbound": 1, "upperbound": 50, "cashback": 1020.0, "scheme": 2}}, {"model": "transaction.subscheme", "pk": 3, "fields": {"lowerbound": 1, "upperbound": 50, "cashback": 1020.0, "scheme": 3}}, {"model": "transaction.subscheme", "pk": 4, "fields": {"lowerbound": 1, "upperbound": 50, "cashback": 425.0, "scheme": 4}}, {"model": "transaction.subscheme", "pk": 5, "fields": {"lowerbound": 1, "upperbound": 100, "cashback": 5000.0, "scheme": 5}}, {"model": "transaction.subscheme", "pk": 7, "fields": {"lowerbound": 1, "upperbound": 50, "cashback": 3000.0, "scheme": 7}}, {"model": "transaction.subscheme", "pk": 8, "fields": {"lowerbound": 1, "upperbound": 50, "cashback": 3000.0, "scheme": 8}}, {"model": "transaction.subscheme", "pk": 9, "fields": {"lowerbound": 1, "upperbound": 50, "cashback": 3000.0, "scheme": 9}}, {"model": "transaction.subscheme", "pk": 10, "fields": {"lowerbound": 1, "upperbound": 10, "cashback": 400.0, "scheme": 10}}, {"model": "transaction.subscheme", "pk": 11, "fields": {"lowerbound": 11, "upperbound": 50, "cashback": 700.0, "scheme": 10}}, {"model": "transaction.subscheme", "pk": 12, "fields": {"lowerbound": 1, "upperbound": 50, "cashback": 5000.0, "scheme": 6}}, {"model": "transaction.subscheme", "pk": 13, "fields": {"lowerbound": 1, "upperbound": 1, "cashback": 2000.0, "scheme": 11}}, {"model": "transaction.priceprotection", "pk": 1, "fields": {"from_date": "2024-09-18", "to_date": "2024-10-31", "price_drop": 3000.0, "phone": 58, "enterprise": 1, "brand": 4, "status": "active", "receivable": 3000.0, "sales": [18]}}, {"model": "transaction.ppitems", "pk": 1, "fields": {"pp": 1, "phone": 58, "imei_number": "861520071807361", "cashback": null}}, {"model": "transaction.ppitems", "pk": 2, "fields": {"pp": 1, "phone": 58, "imei_number": "861520071807361", "cashback": null}}, {"model": "transaction.ppitems", "pk": 3, "fields": {"pp": 1, "phone": 58, "imei_number": "861520071807361", "cashback": null}}, {"model": "transaction.ppitems", "pk": 4, "fields": {"pp": 1, "phone": 58, "imei_number": "861520071807361", "cashback": null}}, {"model": "transaction.ppitems", "pk": 5, "fields": {"pp": 1, "phone": 58, "imei_number": "861520071807361", "cashback": null}}, {"model": "transaction.ppitems", "pk": 6, "fields": {"pp": 1, "phone": 58, "imei_number": "861520071807361", "cashback": null}}, {"model": "transaction.ppitems", "pk": 7, "fields": {"pp": 1, "phone": 58, "imei_number": "861520071807361", "cashback": null}}, {"model": "transaction.ppitems", "pk": 8, "fields": {"pp": 1, "phone": 58, "imei_number": "861520071807361", "cashback": null}}, {"model": "transaction.vendortransaction", "pk": 2, "fields": {"date": "2024-10-03T18:15:00Z", "vendor": 9, "amount": 294420.0, "enterprise": 1, "cheque_number": "", "cashout_date": "2024-10-06", "method": "cash", "desc": "old transaction settelment", "purchase_transaction": null}}, {"model": "transaction.vendortransaction", "pk": 3, "fields": {"date": "2024-10-06T08:15:34.230Z", "vendor": 9, "amount": 5000.0, "enterprise": 1, "cheque_number": "", "cashout_date": "2024-10-06", "method": "cash", "desc": "price protection", "purchase_transaction": null}}, {"model": "transaction.vendortransaction", "pk": 4, "fields": {"date": "2024-10-06T08:19:21.571Z", "vendor": 9, "amount": 100000.0, "enterprise": 1, "cheque_number": "0011173145", "cashout_date": "2024-10-07", "method": "cheque", "desc": "cheque given", "purchase_transaction": null}}, {"model": "transaction.vendortransaction", "pk": 5, "fields": {"date": "2024-10-06T08:33:20.859Z", "vendor": 9, "amount": 141000.0, "enterprise": 1, "cheque_number": "0011173146", "cashout_date": "2024-10-18", "method": "cheque", "desc": "clear payment", "purchase_transaction": null}}, {"model": "userauth.user", "pk": "284ad467-8e99-4f2d-856b-63760ba1ac30", "fields": {"password": "pbkdf2_sha256$870000$kvLUxgDzmrNkOMiSKkqGSH$+D4MiMWoDgC8SYE6mPIm89X95sC4hLlEwYlOnU9/In0=", "last_login": null, "email": "krisha@krisha.com", "name": "Krisha", "is_active": true, "is_superuser": false, "is_staff": false, "user_permissions": [], "groups": []}}, {"model": "userauth.user", "pk": "91a6810a-a3e2-4d81-8849-49de6d4bfd9c", "fields": {"password": "pbkdf2_sha256$870000$3fL7tU71pMtFFAgxs7Izvw$cRCcie0dPa3ne6UJCGqUp4Ci9kTDu6nQVQfNhTV4+ek=", "last_login": "2024-10-03T16:58:07.006Z", "email": "bbobbasnet@gmail.com", "name": "Bibhab Basnet", "is_active": true, "is_superuser": true, "is_staff": true, "user_permissions": [], "groups": []}}, {"model": "userauth.user", "pk": "9e930571-ffa9-4d8b-9e63-b8e7c4176f33", "fields": {"password": "pbkdf2_sha256$870000$Y0x92VtAbAUOjd4a81diTF$Jpsn5ZlESM3O2b7RZeeSNa4wbdfTF/O4aLiDctmBRm8=", "last_login": "2024-09-29T11:55:40.555Z", "email": "roshansubedi@gmail.com", "name": "Roshan Subedi", "is_active": true, "is_superuser": true, "is_staff": true, "user_permissions": [], "groups": []}}, {"model": "enterprise.enterprise", "pk": 1, "fields": {"name": "Digitech"}}, {"model": "enterprise.enterprise", "pk": 2, "fields": {"name": "Bibhab & Co."}}, {"model": "enterprise.person", "pk": "284ad467-8e99-4f2d-856b-63760ba1ac30", "fields": {"enterprise": 2, "role": "Admin"}}, {"model": "enterprise.person", "pk": "91a6810a-a3e2-4d81-8849-49de6d4bfd9c", "fields": {"enterprise": 2, "role": "Admin"}}, {"model": "enterprise.person", "pk": "9e930571-ffa9-4d8b-9e63-b8e7c4176f33", "fields": {"enterprise": 1, "role": "Admin"}}]