[{"model": "admin.logentry", "pk": 1, "fields": {"action_time": "2025-07-07T11:26:09.776Z", "user": "0d6d649b-e18a-41c0-8888-ee71893909c2", "content_type": 25, "object_id": "1", "object_repr": "Digitech", "action_flag": 1, "change_message": "[{\"added\": {}}]"}}, {"model": "admin.logentry", "pk": 2, "fields": {"action_time": "2025-07-07T11:26:23.254Z", "user": "0d6d649b-e18a-41c0-8888-ee71893909c2", "content_type": 27, "object_id": "1", "object_repr": "Basundhara", "action_flag": 1, "change_message": "[{\"added\": {}}]"}}, {"model": "admin.logentry", "pk": 3, "fields": {"action_time": "2025-07-07T11:26:26.113Z", "user": "0d6d649b-e18a-41c0-8888-ee71893909c2", "content_type": 26, "object_id": "0d6d649b-e18a-41c0-8888-ee71893909c2", "object_repr": "Bibhab Basnet - Admin at Digitech", "action_flag": 1, "change_message": "[{\"added\": {}}]"}}, {"model": "admin.logentry", "pk": 4, "fields": {"action_time": "2025-07-07T11:43:43.318Z", "user": "0d6d649b-e18a-41c0-8888-ee71893909c2", "content_type": 28, "object_id": "1", "object_repr": "Anker", "action_flag": 2, "change_message": "[{\"changed\": {\"fields\": [\"Stock\", \"Count\"]}}]"}}, {"model": "admin.logentry", "pk": 5, "fields": {"action_time": "2025-07-07T11:43:57.771Z", "user": "0d6d649b-e18a-41c0-8888-ee71893909c2", "content_type": 29, "object_id": "1", "object_repr": "Headphones", "action_flag": 2, "change_message": "[{\"changed\": {\"fields\": [\"Stock\", \"Count\"]}}]"}}, {"model": "admin.logentry", "pk": 6, "fields": {"action_time": "2025-07-07T11:54:17.535Z", "user": "0d6d649b-e18a-41c0-8888-ee71893909c2", "content_type": 6, "object_id": "6", "object_repr": "vate", "action_flag": 3, "change_message": ""}}, {"model": "admin.logentry", "pk": 7, "fields": {"action_time": "2025-07-07T11:54:34.291Z", "user": "0d6d649b-e18a-41c0-8888-ee71893909c2", "content_type": 6, "object_id": "5", "object_repr": "heheheah", "action_flag": 3, "change_message": ""}}, {"model": "admin.logentry", "pk": 8, "fields": {"action_time": "2025-07-07T11:54:34.297Z", "user": "0d6d649b-e18a-41c0-8888-ee71893909c2", "content_type": 6, "object_id": "4", "object_repr": "Arkobrand", "action_flag": 3, "change_message": ""}}, {"model": "admin.logentry", "pk": 9, "fields": {"action_time": "2025-07-07T11:54:34.297Z", "user": "0d6d649b-e18a-41c0-8888-ee71893909c2", "content_type": 6, "object_id": "3", "object_repr": "ArkoBrand", "action_flag": 3, "change_message": ""}}, {"model": "admin.logentry", "pk": 10, "fields": {"action_time": "2025-07-07T11:54:34.297Z", "user": "0d6d649b-e18a-41c0-8888-ee71893909c2", "content_type": 6, "object_id": "2", "object_repr": "arkobrand", "action_flag": 3, "change_message": ""}}, {"model": "admin.logentry", "pk": 11, "fields": {"action_time": "2025-07-07T11:54:34.297Z", "user": "0d6d649b-e18a-41c0-8888-ee71893909c2", "content_type": 6, "object_id": "1", "object_repr": "ArkoBrand", "action_flag": 3, "change_message": ""}}, {"model": "admin.logentry", "pk": 12, "fields": {"action_time": "2025-07-08T10:15:25.171Z", "user": "0d6d649b-e18a-41c0-8888-ee71893909c2", "content_type": 28, "object_id": "12", "object_repr": "kikikiki", "action_flag": 3, "change_message": ""}}, {"model": "admin.logentry", "pk": 13, "fields": {"action_time": "2025-07-08T10:15:25.191Z", "user": "0d6d649b-e18a-41c0-8888-ee71893909c2", "content_type": 28, "object_id": "10", "object_repr": "vate", "action_flag": 3, "change_message": ""}}, {"model": "admin.logentry", "pk": 14, "fields": {"action_time": "2025-07-09T10:05:47.234Z", "user": "0d6d649b-e18a-41c0-8888-ee71893909c2", "content_type": 33, "object_id": "15", "object_repr": "airbuds", "action_flag": 2, "change_message": "[{\"changed\": {\"fields\": [\"Returned\"]}}]"}}, {"model": "admin.logentry", "pk": 15, "fields": {"action_time": "2025-07-09T10:06:50.445Z", "user": "0d6d649b-e18a-41c0-8888-ee71893909c2", "content_type": 33, "object_id": "16", "object_repr": "airbuds", "action_flag": 2, "change_message": "[{\"changed\": {\"fields\": [\"Returned\"]}}]"}}, {"model": "admin.logentry", "pk": 16, "fields": {"action_time": "2025-07-09T10:08:48.072Z", "user": "0d6d649b-e18a-41c0-8888-ee71893909c2", "content_type": 33, "object_id": "17", "object_repr": "airbuds", "action_flag": 2, "change_message": "[{\"changed\": {\"fields\": [\"Returned\"]}}]"}}, {"model": "admin.logentry", "pk": 17, "fields": {"action_time": "2025-07-09T10:09:36.431Z", "user": "0d6d649b-e18a-41c0-8888-ee71893909c2", "content_type": 33, "object_id": "18", "object_repr": "airbuds", "action_flag": 2, "change_message": "[{\"changed\": {\"fields\": [\"Returned\"]}}]"}}, {"model": "admin.logentry", "pk": 18, "fields": {"action_time": "2025-07-09T10:15:22.574Z", "user": "0d6d649b-e18a-41c0-8888-ee71893909c2", "content_type": 33, "object_id": "19", "object_repr": "airbuds", "action_flag": 2, "change_message": "[{\"changed\": {\"fields\": [\"Returned\"]}}]"}}, {"model": "admin.logentry", "pk": 19, "fields": {"action_time": "2025-07-09T10:20:02.214Z", "user": "0d6d649b-e18a-41c0-8888-ee71893909c2", "content_type": 33, "object_id": "20", "object_repr": "airbuds", "action_flag": 2, "change_message": "[{\"changed\": {\"fields\": [\"Returned\"]}}]"}}, {"model": "sessions.session", "pk": "a51aa262x7nla7m9vwv7l4t5rmg0b65z", "fields": {"session_data": ".eJxVjLkOwjAQRP_FNbHWt5eSnm-I1t4N4VAi5agQ_04ipYDpRvPevFVL69K36yxTe2d1VsCRo8fSiMnUeFOhyVsakWQyOgSsVp1-tUL1KcPu8oOG26jrOCzTvegd0cc66-vI8roc7N9BT3O_2V1OQQJW5yWnlHKA4iyykCcp1kAErpJ9AowJkYGqs-yYcetUuqA-X5p8QIw:1uYjye:IJHMflw95y1UYQBMdu_8s1CmwPewu6VOBLd5XzucpuI", "expire_date": "2025-07-21T11:25:40.957Z"}}, {"model": "inventory.brand", "pk": 7, "fields": {"name": "poroductkobrand", "enterprise": 1, "stock": 0.0, "count": 0, "branch": null}}, {"model": "inventory.brand", "pk": 8, "fields": {"name": "poroductkobrand", "enterprise": 1, "stock": 0.0, "count": 0, "branch": null}}, {"model": "inventory.brand", "pk": 9, "fields": {"name": "barand", "enterprise": 1, "stock": 0.0, "count": 0, "branch": null}}, {"model": "inventory.brand", "pk": 11, "fields": {"name": "Apple", "enterprise": 1, "stock": 0.0, "count": 0, "branch": 1}}, {"model": "inventory.brand", "pk": 14, "fields": {"name": "Samsung", "enterprise": 1, "stock": 0.0, "count": 0, "branch": 1}}, {"model": "inventory.brand", "pk": 15, "fields": {"name": "Oppo", "enterprise": 1, "stock": 0.0, "count": 0, "branch": 1}}, {"model": "inventory.brand", "pk": 16, "fields": {"name": "Vivo", "enterprise": 1, "stock": 0.0, "count": 0, "branch": 1}}, {"model": "inventory.brand", "pk": 17, "fields": {"name": "MI", "enterprise": 1, "stock": 0.0, "count": 0, "branch": 1}}, {"model": "inventory.brand", "pk": 18, "fields": {"name": "haha", "enterprise": 1, "stock": 0.0, "count": 0, "branch": 1}}, {"model": "inventory.phone", "pk": 1, "fields": {"name": "Iphone 16", "count": 0, "stock": 0.0, "cost_price": 100000.0, "selling_price": 200000.0, "brand": 11, "branch": 1, "enterprise": 1}}, {"model": "transaction.vendor", "pk": 1, "fields": {"name": "bibhab", "brand": 11, "due": 0.0, "enterprise": 1, "cashback": null, "branch": 1}}, {"model": "userauth.user", "pk": "0d6d649b-e18a-41c0-8888-ee71893909c2", "fields": {"password": "pbkdf2_sha256$870000$0sURJmQz0isOusv9wMSqBf$F9eWl2G5/F1ViCpYeBRKm8HXli+/2XBev+JV7SHv3es=", "last_login": "2025-07-07T11:25:40.951Z", "email": "bbobbasnet@gmail.com", "name": "Bibhab Basnet", "is_active": true, "is_superuser": true, "is_staff": true, "user_permissions": [], "groups": []}}, {"model": "enterprise.enterprise", "pk": 1, "fields": {"name": "Digitech"}}, {"model": "enterprise.person", "pk": "0d6d649b-e18a-41c0-8888-ee71893909c2", "fields": {"enterprise": 1, "branch": 1, "role": "Admin"}}, {"model": "enterprise.branch", "pk": 1, "fields": {"name": "Basundhara", "enterprise": 1}}, {"model": "allinventory.brand", "pk": 17, "fields": {"name": "Anker", "stock": 33000.0, "count": 30, "enterprise": 1, "branch": 1}}, {"model": "allinventory.brand", "pk": 21, "fields": {"name": "Hifuture", "stock": 1200.0, "count": 6, "enterprise": 1, "branch": 1}}, {"model": "allinventory.product", "pk": 7, "fields": {"name": "Headphones", "uid": "317196893012", "cost_price": 100.0, "selling_price": 200.0, "brand": 17, "stock": 3000, "count": 15, "enterprise": 1, "branch": 1}}, {"model": "allinventory.product", "pk": 12, "fields": {"name": "Speakers", "uid": "452340745661", "cost_price": 100.0, "selling_price": 200.0, "brand": 17, "stock": 0, "count": 0, "enterprise": 1, "branch": 1}}, {"model": "allinventory.product", "pk": 13, "fields": {"name": "airbuds", "uid": "775984489856", "cost_price": 1000.0, "selling_price": 2000.0, "brand": 17, "stock": 30000, "count": 15, "enterprise": 1, "branch": 1}}, {"model": "allinventory.product", "pk": 15, "fields": {"name": "Tour ANC Headphones", "uid": "324954795233", "cost_price": 100.0, "selling_price": 200.0, "brand": 21, "stock": 1200, "count": 6, "enterprise": 1, "branch": 1}}, {"model": "alltransactions.vendor", "pk": 18, "fields": {"name": "AnkerVendor", "phone_number": null, "brand": 17, "branch": 1, "due": 11500.0, "enterprise": 1}}, {"model": "alltransactions.vendor", "pk": 21, "fields": {"name": "HifutureVendor", "phone_number": null, "brand": 21, "branch": 1, "due": 6000.0, "enterprise": 1}}, {"model": "alltransactions.purchasetransaction", "pk": 5, "fields": {"vendor": 18, "enterprise": 1, "branch": 1, "bill_no": "1", "total_amount": 5000.0, "date": "2025-07-09", "method": "credit", "cheque_number": null, "cashout_date": null}}, {"model": "alltransactions.purchasetransaction", "pk": 6, "fields": {"vendor": 18, "enterprise": 1, "branch": 1, "bill_no": "2", "total_amount": 5000.0, "date": "2025-07-09", "method": "credit", "cheque_number": null, "cashout_date": null}}, {"model": "alltransactions.purchasetransaction", "pk": 7, "fields": {"vendor": 18, "enterprise": 1, "branch": 1, "bill_no": "3", "total_amount": 1700.0, "date": "2025-07-09", "method": "credit", "cheque_number": null, "cashout_date": null}}, {"model": "alltransactions.purchasetransaction", "pk": 9, "fields": {"vendor": 21, "enterprise": 1, "branch": 1, "bill_no": "6", "total_amount": 6000.0, "date": "2025-07-09", "method": "credit", "cheque_number": null, "cashout_date": null}}, {"model": "alltransactions.purchasereturn", "pk": 11, "fields": {"date": "2025-07-09", "enterprise": 1, "branch": 1, "purchase_transaction": 7}}, {"model": "alltransactions.purchase", "pk": 10, "fields": {"product": 7, "quantity": 5, "unit_price": 1000.0, "total_price": 5000.0, "purchase_transaction": 5, "returned": false, "purchase_return": null}}, {"model": "alltransactions.purchase", "pk": 11, "fields": {"product": 7, "quantity": 10, "unit_price": 500.0, "total_price": 5000.0, "purchase_transaction": 6, "returned": false, "purchase_return": null}}, {"model": "alltransactions.purchase", "pk": 12, "fields": {"product": 13, "quantity": 7, "unit_price": 100.0, "total_price": 700.0, "purchase_transaction": 7, "returned": false, "purchase_return": null}}, {"model": "alltransactions.purchase", "pk": 15, "fields": {"product": 13, "quantity": 3, "unit_price": 100.0, "total_price": 300.0, "purchase_transaction": 7, "returned": false, "purchase_return": null}}, {"model": "alltransactions.purchase", "pk": 16, "fields": {"product": 13, "quantity": 5, "unit_price": 100.0, "total_price": 500.0, "purchase_transaction": 7, "returned": false, "purchase_return": null}}, {"model": "alltransactions.purchase", "pk": 20, "fields": {"product": 13, "quantity": 1, "unit_price": 100.0, "total_price": 100.0, "purchase_transaction": 7, "returned": true, "purchase_return": 11}}, {"model": "alltransactions.purchase", "pk": 21, "fields": {"product": 13, "quantity": 1, "unit_price": 100.0, "total_price": 100.0, "purchase_transaction": 7, "returned": true, "purchase_return": 11}}, {"model": "alltransactions.purchase", "pk": 22, "fields": {"product": 15, "quantity": 6, "unit_price": 1000.0, "total_price": 6000.0, "purchase_transaction": 9, "returned": false, "purchase_return": null}}, {"model": "alltransactions.vendortransactions", "pk": 34, "fields": {"date": "2025-07-09", "vendor": 18, "amount": -5000.0, "method": "credit", "cheque_number": null, "cashout_date": null, "enterprise": 1, "desc": "Purchase made for transaction 1", "branch": 1, "purchase_transaction": 5, "base": false, "type": "base", "due": 1500.0}}, {"model": "alltransactions.vendortransactions", "pk": 35, "fields": {"date": "2025-07-09", "vendor": 18, "amount": -5000.0, "method": "credit", "cheque_number": null, "cashout_date": null, "enterprise": 1, "desc": "Purchase made for transaction 2", "branch": 1, "purchase_transaction": 6, "base": false, "type": "base", "due": 10000.0}}, {"model": "alltransactions.vendortransactions", "pk": 46, "fields": {"date": "2025-07-09", "vendor": 18, "amount": -1700.0, "method": "credit", "cheque_number": null, "cashout_date": null, "enterprise": 1, "desc": "Purchase made for transaction 3", "branch": 1, "purchase_transaction": 7, "base": false, "type": "base", "due": 11700.0}}, {"model": "alltransactions.vendortransactions", "pk": 48, "fields": {"date": "2025-07-09", "vendor": 18, "amount": 200.0, "method": "credit", "cheque_number": null, "cashout_date": null, "enterprise": 1, "desc": "Purchase return for transaction 3", "branch": 1, "purchase_transaction": 7, "base": false, "type": "return", "due": 11500.0}}, {"model": "alltransactions.vendortransactions", "pk": 49, "fields": {"date": "2025-07-09", "vendor": 21, "amount": -6000.0, "method": "credit", "cheque_number": null, "cashout_date": null, "enterprise": 1, "desc": "Purchase made for transaction 6", "branch": 1, "purchase_transaction": 9, "base": false, "type": "base", "due": 6000.0}}, {"model": "alltransactions.debtor", "pk": 6, "fields": {"name": "ROSHAN", "phone_number": "9898989898", "due": -400.0, "enterprise": 1, "branch": 1}}, {"model": "alltransactions.debtortransaction", "pk": 3, "fields": {"date": "2025-07-09", "debtor": 6, "amount": 400.0, "method": "cash", "cheque_number": null, "cashout_date": "2025-07-09", "enterprise": 1, "branch": 1, "type": "base", "all_sales_transaction": null, "sales_transaction": null, "desc": "idrk", "inventory": null, "due": 1300.0}}]
